segment_name,confidence_assessment,mediapipe_mouth_openness_mean,mediapipe_mouth_openness_variance,mediapipe_eyebrow_height_mean,mediapipe_eyebrow_height_variance,mediapipe_frames_analyzed,deepface_most_frequent_emotion,deepface_emotion_distribution_%,deepface_angry,deepface_disgust,deepface_fear,deepface_happy,deepface_neutral,deepface_sad,deepface_surprise
8Dv2Hdf5TRg_seg000,4.0,0.01028,5e-05,0.02172,1e-05,25.0,sad,"{'happy': 8.0, 'sad': 28.0, 'fear': 24.0, 'neutral': 24.0, 'angry': 12.0, 'disgust': 4.0}",12.0,4.0,24.0,8.0,24.0,28.0,0.0
8Dv2Hdf5TRg_seg001,4.0,0.00838,3e-05,0.02263,1e-05,26.0,sad,"{'sad': 42.3, 'fear': 30.8, 'neutral': 15.4, 'surprise': 7.7, 'angry': 3.8}",3.8,0.0,30.8,0.0,15.4,42.3,7.7
8Dv2Hdf5TRg_seg002,3.0,0.00642,3e-05,0.02367,0.0,26.0,fear,"{'angry': 38.5, 'fear': 50.0, 'sad': 3.8, 'surprise': 7.7}",38.5,0.0,50.0,0.0,0.0,3.8,7.7
8Dv2Hdf5TRg_seg003,3.0,0.00763,3e-05,0.02237,1e-05,26.0,fear,"{'surprise': 7.7, 'angry': 7.7, 'happy': 19.2, 'sad': 15.4, 'fear': 46.2, 'neutral': 3.8}",7.7,0.0,46.2,19.2,3.8,15.4,7.7
8Dv2Hdf5TRg_seg004,3.0,0.00807,4e-05,0.02131,1e-05,25.0,fear,"{'angry': 16.0, 'fear': 48.0, 'surprise': 8.0, 'sad': 16.0, 'happy': 12.0}",16.0,0.0,48.0,12.0,0.0,16.0,8.0
8Dv2Hdf5TRg_seg005,3.0,0.01088,6e-05,0.02942,3e-05,25.0,fear,"{'fear': 36.0, 'angry': 32.0, 'sad': 24.0, 'neutral': 4.0, 'surprise': 4.0}",32.0,0.0,36.0,0.0,4.0,24.0,4.0
8Dv2Hdf5TRg_seg006,4.0,0.00664,2e-05,0.02067,0.0,25.0,sad,"{'sad': 48.0, 'fear': 32.0, 'neutral': 8.0, 'angry': 8.0, 'happy': 4.0}",8.0,0.0,32.0,4.0,8.0,48.0,0.0
8Dv2Hdf5TRg_seg007,4.0,0.0104,6e-05,0.03349,2e-05,25.0,fear,"{'fear': 32.0, 'angry': 28.0, 'sad': 16.0, 'neutral': 8.0, 'happy': 12.0, 'surprise': 4.0}",28.0,0.0,32.0,12.0,8.0,16.0,4.0
8Dv2Hdf5TRg_seg008,4.0,0.00788,3e-05,0.02718,1e-05,25.0,fear,"{'fear': 36.0, 'happy': 20.0, 'angry': 4.0, 'sad': 24.0, 'surprise': 4.0, 'neutral': 12.0}",4.0,0.0,36.0,20.0,12.0,24.0,4.0
8Dv2Hdf5TRg_seg009,4.0,0.01107,6e-05,0.0324,2e-05,27.0,fear,"{'angry': 18.5, 'fear': 51.9, 'sad': 18.5, 'happy': 7.4, 'neutral': 3.7}",18.5,0.0,51.9,7.4,3.7,18.5,0.0
8Dv2Hdf5TRg_seg010,4.0,0.01068,5e-05,0.03024,1e-05,26.0,fear,"{'happy': 15.4, 'fear': 46.2, 'angry': 7.7, 'neutral': 7.7, 'surprise': 3.8, 'sad': 19.2}",7.7,0.0,46.2,15.4,7.7,19.2,3.8
8Dv2Hdf5TRg_seg011,3.0,0.00632,2e-05,0.02209,1e-05,25.0,fear,"{'sad': 20.0, 'fear': 40.0, 'angry': 24.0, 'surprise': 4.0, 'neutral': 12.0}",24.0,0.0,40.0,0.0,12.0,20.0,4.0
8Dv2Hdf5TRg_seg012,2.0,0.00974,4e-05,0.03119,3e-05,25.0,sad,"{'sad': 36.0, 'fear': 20.0, 'neutral': 16.0, 'surprise': 16.0, 'happy': 8.0, 'angry': 4.0}",4.0,0.0,20.0,8.0,16.0,36.0,16.0
8Dv2Hdf5TRg_seg013,3.0,0.01218,6e-05,0.03221,3e-05,26.0,fear,"{'sad': 26.9, 'fear': 53.8, 'neutral': 7.7, 'happy': 7.7, 'angry': 3.8}",3.8,0.0,53.8,7.7,7.7,26.9,0.0
8Dv2Hdf5TRg_seg014,3.0,0.00758,4e-05,0.02652,3e-05,25.0,sad,"{'fear': 28.0, 'angry': 16.0, 'happy': 20.0, 'sad': 36.0}",16.0,0.0,28.0,20.0,0.0,36.0,0.0
8Dv2Hdf5TRg_seg015,3.0,0.01048,6e-05,0.03214,4e-05,26.0,fear,"{'angry': 30.8, 'happy': 3.8, 'fear': 38.5, 'neutral': 11.5, 'sad': 7.7, 'surprise': 7.7}",30.8,0.0,38.5,3.8,11.5,7.7,7.7
8Dv2Hdf5TRg_seg016,2.0,0.00782,3e-05,0.02672,1e-05,25.0,sad,"{'happy': 4.0, 'fear': 28.0, 'sad': 44.0, 'angry': 16.0, 'neutral': 4.0, 'surprise': 4.0}",16.0,0.0,28.0,4.0,4.0,44.0,4.0
8Dv2Hdf5TRg_seg017,3.0,0.00935,5e-05,0.03161,6e-05,24.0,fear,"{'fear': 45.8, 'angry': 16.7, 'neutral': 16.7, 'happy': 8.3, 'sad': 12.5}",16.7,0.0,45.8,8.3,16.7,12.5,0.0
8Dv2Hdf5TRg_seg018,4.0,0.01289,8e-05,0.03166,1e-05,26.0,neutral,"{'neutral': 50.0, 'happy': 7.7, 'fear': 23.1, 'angry': 7.7, 'disgust': 7.7, 'surprise': 3.8}",7.7,7.7,23.1,7.7,50.0,0.0,3.8
8Dv2Hdf5TRg_seg019,3.0,0.00953,4e-05,0.02559,1e-05,25.0,neutral,"{'neutral': 32.0, 'angry': 12.0, 'sad': 16.0, 'happy': 12.0, 'fear': 24.0, 'surprise': 4.0}",12.0,0.0,24.0,12.0,32.0,16.0,4.0
8Dv2Hdf5TRg_seg020,4.0,0.01385,9e-05,0.03586,3e-05,25.0,fear,"{'neutral': 20.0, 'fear': 36.0, 'sad': 12.0, 'angry': 8.0, 'happy': 16.0, 'surprise': 8.0}",8.0,0.0,36.0,16.0,20.0,12.0,8.0
8XQ1onjXJK0_seg000,4.0,0.00936,8e-05,0.02071,6e-05,27.0,angry,"{'angry': 81.5, 'sad': 3.7, 'neutral': 7.4, 'happy': 3.7, 'fear': 3.7}",81.5,0.0,3.7,3.7,7.4,3.7,0.0
8XQ1onjXJK0_seg001,4.0,0.00759,5e-05,0.01902,4e-05,27.0,sad,"{'sad': 48.1, 'angry': 25.9, 'neutral': 11.1, 'fear': 14.8}",25.9,0.0,14.8,0.0,11.1,48.1,0.0
8XQ1onjXJK0_seg002,4.0,0.00921,3e-05,0.03017,0.0,26.0,fear,"{'fear': 34.6, 'angry': 30.8, 'neutral': 34.6}",30.8,0.0,34.6,0.0,34.6,0.0,0.0
8XQ1onjXJK0_seg003,3.0,0.00816,6e-05,0.01638,4e-05,27.0,angry,"{'angry': 44.4, 'fear': 7.4, 'surprise': 14.8, 'neutral': 25.9, 'sad': 7.4}",44.4,0.0,7.4,0.0,25.9,7.4,14.8
8XQ1onjXJK0_seg004,2.0,0.00987,8e-05,0.01986,4e-05,25.0,angry,"{'angry': 64.0, 'neutral': 8.0, 'fear': 20.0, 'happy': 4.0, 'sad': 4.0}",64.0,0.0,20.0,4.0,8.0,4.0,0.0
8XQ1onjXJK0_seg005,3.0,0.00562,3e-05,0.01086,1e-05,26.0,angry,"{'angry': 53.8, 'sad': 26.9, 'disgust': 3.8, 'fear': 7.7, 'happy': 7.7}",53.8,3.8,7.7,7.7,0.0,26.9,0.0
8XQ1onjXJK0_seg006,2.0,0.00601,1e-05,0.02551,1e-05,26.0,angry,"{'happy': 7.7, 'sad': 19.2, 'neutral': 11.5, 'angry': 61.5}",61.5,0.0,0.0,7.7,11.5,19.2,0.0
8XQ1onjXJK0_seg007,2.0,0.00441,2e-05,0.01958,4e-05,26.0,angry,"{'angry': 42.3, 'sad': 3.8, 'fear': 11.5, 'neutral': 42.3}",42.3,0.0,11.5,0.0,42.3,3.8,0.0
8XQ1onjXJK0_seg008,2.0,0.00688,4e-05,0.01556,5e-05,27.0,angry,"{'angry': 40.7, 'happy': 7.4, 'neutral': 11.1, 'fear': 14.8, 'sad': 7.4, 'surprise': 18.5}",40.7,0.0,14.8,7.4,11.1,7.4,18.5
8XQ1onjXJK0_seg009,1.0,0.00485,1e-05,0.0124,1e-05,27.0,angry,"{'fear': 11.1, 'angry': 48.1, 'neutral': 7.4, 'happy': 18.5, 'sad': 14.8}",48.1,0.0,11.1,18.5,7.4,14.8,0.0
8XQ1onjXJK0_seg010,2.0,0.0043,1e-05,0.01142,0.0,25.0,angry,"{'sad': 16.0, 'angry': 72.0, 'fear': 12.0}",72.0,0.0,12.0,0.0,0.0,16.0,0.0
8XQ1onjXJK0_seg011,2.0,0.0054,2e-05,0.01356,1e-05,25.0,angry,"{'angry': 80.0, 'sad': 8.0, 'neutral': 12.0}",80.0,0.0,0.0,0.0,12.0,8.0,0.0
8XQ1onjXJK0_seg012,1.0,0.00509,2e-05,0.01538,2e-05,25.0,angry,"{'angry': 80.0, 'fear': 8.0, 'sad': 4.0, 'neutral': 4.0, 'disgust': 4.0}",80.0,4.0,8.0,0.0,4.0,4.0,0.0
8XQ1onjXJK0_seg013,3.0,0.00951,6e-05,0.0206,0.0001,25.0,angry,"{'angry': 64.0, 'sad': 12.0, 'neutral': 16.0, 'fear': 8.0}",64.0,0.0,8.0,0.0,16.0,12.0,0.0
8XQ1onjXJK0_seg014,2.0,0.00698,1e-05,0.03951,0.00011,25.0,angry,"{'neutral': 12.0, 'angry': 40.0, 'disgust': 4.0, 'sad': 28.0, 'fear': 16.0}",40.0,4.0,16.0,0.0,12.0,28.0,0.0
8XQ1onjXJK0_seg015,1.0,0.00874,7e-05,0.03436,2e-05,26.0,sad,"{'sad': 38.5, 'angry': 26.9, 'neutral': 3.8, 'disgust': 3.8, 'happy': 23.1, 'fear': 3.8}",26.9,3.8,3.8,23.1,3.8,38.5,0.0
8XQ1onjXJK0_seg016,2.0,0.01222,0.00014,0.02625,0.0001,25.0,angry,"{'angry': 72.0, 'fear': 8.0, 'sad': 16.0, 'happy': 4.0}",72.0,0.0,8.0,4.0,0.0,16.0,0.0
8XQ1onjXJK0_seg017,2.0,0.01158,0.0001,0.02418,0.0001,25.0,angry,"{'angry': 64.0, 'sad': 12.0, 'fear': 8.0, 'neutral': 16.0}",64.0,0.0,8.0,0.0,16.0,12.0,0.0
8XQ1onjXJK0_seg018,3.0,0.0125,0.0001,0.02812,2e-05,26.0,angry,"{'angry': 73.1, 'neutral': 3.8, 'disgust': 3.8, 'sad': 7.7, 'fear': 11.5}",73.1,3.8,11.5,0.0,3.8,7.7,0.0
8XQ1onjXJK0_seg019,3.0,0.00708,3e-05,0.0158,6e-05,25.0,angry,"{'angry': 68.0, 'sad': 12.0, 'disgust': 12.0, 'neutral': 4.0, 'fear': 4.0}",68.0,12.0,4.0,0.0,4.0,12.0,0.0
8XQ1onjXJK0_seg020,2.0,0.00825,4e-05,0.0232,2e-05,28.0,angry,"{'angry': 50.0, 'happy': 7.1, 'fear': 3.6, 'sad': 14.3, 'neutral': 25.0}",50.0,0.0,3.6,7.1,25.0,14.3,0.0
8XQ1onjXJK0_seg021,2.0,0.00639,3e-05,0.01453,4e-05,25.0,angry,"{'angry': 64.0, 'neutral': 8.0, 'fear': 8.0, 'disgust': 8.0, 'sad': 4.0, 'happy': 8.0}",64.0,8.0,8.0,8.0,8.0,4.0,0.0
8XQ1onjXJK0_seg022,3.0,0.00654,4e-05,0.01812,4e-05,25.0,angry,"{'neutral': 8.0, 'angry': 64.0, 'sad': 28.0}",64.0,0.0,0.0,0.0,8.0,28.0,0.0
8XQ1onjXJK0_seg023,2.0,0.0045,1e-05,0.01186,0.0,25.0,angry,"{'angry': 56.0, 'happy': 8.0, 'fear': 16.0, 'neutral': 4.0, 'disgust': 4.0, 'sad': 12.0}",56.0,4.0,16.0,8.0,4.0,12.0,0.0
8XQ1onjXJK0_seg024,3.0,0.01126,0.00012,0.02595,5e-05,26.0,angry,"{'sad': 30.8, 'happy': 7.7, 'surprise': 3.8, 'angry': 50.0, 'neutral': 3.8, 'disgust': 3.8}",50.0,3.8,0.0,7.7,3.8,30.8,3.8
8XQ1onjXJK0_seg025,3.0,0.01053,7e-05,0.02147,7e-05,25.0,angry,"{'angry': 80.0, 'fear': 4.0, 'sad': 12.0, 'neutral': 4.0}",80.0,0.0,4.0,0.0,4.0,12.0,0.0
8XQ1onjXJK0_seg026,4.0,0.01525,9e-05,0.02643,3e-05,25.0,angry,"{'sad': 12.0, 'disgust': 4.0, 'angry': 60.0, 'neutral': 4.0, 'happy': 20.0}",60.0,4.0,0.0,20.0,4.0,12.0,0.0
8XQ1onjXJK0_seg027,4.0,0.0089,2e-05,0.02602,2e-05,27.0,sad,"{'angry': 22.2, 'sad': 66.7, 'happy': 11.1}",22.2,0.0,0.0,11.1,0.0,66.7,0.0
8XQ1onjXJK0_seg028,4.0,0.01854,0.00025,0.03818,0.00021,26.0,angry,"{'neutral': 7.7, 'fear': 7.7, 'angry': 69.2, 'sad': 11.5, 'happy': 3.8}",69.2,0.0,7.7,3.8,7.7,11.5,0.0
8XQ1onjXJK0_seg029,3.0,0.01008,0.00012,0.02455,0.00022,26.0,angry,"{'happy': 3.8, 'angry': 73.1, 'sad': 7.7, 'neutral': 11.5, 'fear': 3.8}",73.1,0.0,3.8,3.8,11.5,7.7,0.0
8XQ1onjXJK0_seg030,2.0,0.012,0.0001,0.02645,4e-05,26.0,angry,"{'neutral': 7.7, 'angry': 76.9, 'fear': 11.5, 'happy': 3.8}",76.9,0.0,11.5,3.8,7.7,0.0,0.0
8XQ1onjXJK0_seg031,3.0,0.00804,0.00014,0.01772,0.00012,28.0,sad,"{'angry': 32.1, 'sad': 50.0, 'happy': 14.3, 'fear': 3.6}",32.1,0.0,3.6,14.3,0.0,50.0,0.0
8XQ1onjXJK0_seg032,3.0,0.00596,5e-05,0.02371,0.00011,25.0,angry,"{'neutral': 8.0, 'angry': 56.0, 'disgust': 4.0, 'fear': 8.0, 'sad': 12.0, 'happy': 12.0}",56.0,4.0,8.0,12.0,8.0,12.0,0.0
BFZtNN6eNvQ_seg001,4.0,0.0124,9e-05,0.02951,0.00011,32.0,fear,"{'angry': 6.2, 'happy': 15.6, 'neutral': 21.9, 'fear': 25.0, 'sad': 9.4, 'surprise': 21.9}",6.2,0.0,25.0,15.6,21.9,9.4,21.9
BFZtNN6eNvQ_seg002,3.0,0.01508,0.00014,0.03154,8e-05,34.0,neutral,"{'fear': 29.4, 'neutral': 35.3, 'sad': 20.6, 'angry': 8.8, 'happy': 5.9}",8.8,0.0,29.4,5.9,35.3,20.6,0.0
BFZtNN6eNvQ_seg003,3.0,0.01183,0.00012,0.03235,4e-05,36.0,neutral,"{'neutral': 47.2, 'angry': 11.1, 'fear': 11.1, 'sad': 13.9, 'happy': 11.1, 'surprise': 2.8, 'disgust': 2.8}",11.1,2.8,11.1,11.1,47.2,13.9,2.8
BFZtNN6eNvQ_seg004,2.0,0.01232,0.00012,0.03557,6e-05,36.0,neutral,"{'sad': 16.7, 'fear': 16.7, 'neutral': 33.3, 'happy': 27.8, 'angry': 2.8, 'surprise': 2.8}",2.8,0.0,16.7,27.8,33.3,16.7,2.8
BFZtNN6eNvQ_seg005,3.0,0.0172,0.00025,0.03895,7e-05,31.0,happy,"{'sad': 32.3, 'angry': 19.4, 'happy': 35.5, 'fear': 3.2, 'neutral': 9.7}",19.4,0.0,3.2,35.5,9.7,32.3,0.0
BFZtNN6eNvQ_seg006,3.0,0.01592,0.00017,0.03771,4e-05,31.0,neutral,"{'neutral': 29.0, 'surprise': 6.5, 'fear': 29.0, 'happy': 19.4, 'sad': 12.9, 'angry': 3.2}",3.2,0.0,29.0,19.4,29.0,12.9,6.5
BFZtNN6eNvQ_seg007,3.0,0.01355,0.00014,0.03759,6e-05,35.0,neutral,"{'happy': 22.9, 'sad': 17.1, 'neutral': 31.4, 'angry': 8.6, 'fear': 20.0}",8.6,0.0,20.0,22.9,31.4,17.1,0.0
BFZtNN6eNvQ_seg008,2.0,0.01321,0.00014,0.03547,3e-05,34.0,neutral,"{'sad': 32.4, 'happy': 2.9, 'angry': 11.8, 'fear': 17.6, 'neutral': 35.3}",11.8,0.0,17.6,2.9,35.3,32.4,0.0
BFZtNN6eNvQ_seg009,3.0,0.01473,0.00014,0.03884,0.0001,35.0,happy,"{'sad': 25.7, 'neutral': 17.1, 'happy': 31.4, 'fear': 20.0, 'angry': 2.9, 'surprise': 2.9}",2.9,0.0,20.0,31.4,17.1,25.7,2.9
BFZtNN6eNvQ_seg010,4.0,0.01349,0.00013,0.03573,8e-05,32.0,neutral,"{'angry': 9.4, 'happy': 21.9, 'fear': 28.1, 'neutral': 31.2, 'sad': 9.4}",9.4,0.0,28.1,21.9,31.2,9.4,0.0
BFZtNN6eNvQ_seg011,2.0,0.01293,0.00012,0.03689,7e-05,35.0,fear,"{'happy': 22.9, 'neutral': 22.9, 'sad': 17.1, 'fear': 34.3, 'angry': 2.9}",2.9,0.0,34.3,22.9,22.9,17.1,0.0
BFZtNN6eNvQ_seg012,3.0,0.01351,0.00013,0.03388,4e-05,37.0,fear,"{'happy': 10.8, 'sad': 16.2, 'fear': 37.8, 'neutral': 32.4, 'angry': 2.7}",2.7,0.0,37.8,10.8,32.4,16.2,0.0
BFZtNN6eNvQ_seg013,2.0,0.01213,0.00012,0.03354,5e-05,34.0,neutral,"{'angry': 5.9, 'happy': 26.5, 'neutral': 38.2, 'fear': 29.4}",5.9,0.0,29.4,26.5,38.2,0.0,0.0
BFZtNN6eNvQ_seg014,3.0,0.01152,0.0001,0.03148,9e-05,38.0,fear,"{'neutral': 13.2, 'fear': 44.7, 'sad': 2.6, 'happy': 36.8, 'angry': 2.6}",2.6,0.0,44.7,36.8,13.2,2.6,0.0
BFZtNN6eNvQ_seg015,3.0,0.01397,0.00013,0.03141,3e-05,38.0,happy,"{'happy': 44.7, 'sad': 5.3, 'fear': 31.6, 'neutral': 13.2, 'angry': 5.3}",5.3,0.0,31.6,44.7,13.2,5.3,0.0
BFZtNN6eNvQ_seg016,3.0,0.01234,0.0001,0.03242,3e-05,35.0,fear,"{'neutral': 11.4, 'fear': 71.4, 'sad': 5.7, 'happy': 11.4}",0.0,0.0,71.4,11.4,11.4,5.7,0.0
Cd0JH1AreDw_seg000,4.0,0.00485,2e-05,0.02246,5e-05,32.0,neutral,"{'neutral': 34.4, 'sad': 18.8, 'fear': 28.1, 'angry': 12.5, 'happy': 6.2}",12.5,0.0,28.1,6.2,34.4,18.8,0.0
Cd0JH1AreDw_seg001,4.0,0.00487,2e-05,0.02783,8e-05,32.0,neutral,"{'angry': 18.8, 'fear': 21.9, 'neutral': 34.4, 'sad': 15.6, 'surprise': 3.1, 'happy': 6.2}",18.8,0.0,21.9,6.2,34.4,15.6,3.1
Cd0JH1AreDw_seg002,3.0,0.00633,2e-05,0.03745,2e-05,32.0,neutral,"{'sad': 18.8, 'fear': 21.9, 'neutral': 40.6, 'angry': 15.6, 'surprise': 3.1}",15.6,0.0,21.9,0.0,40.6,18.8,3.1
Cd0JH1AreDw_seg003,4.0,0.00567,3e-05,0.03713,3e-05,31.0,neutral,"{'angry': 19.4, 'sad': 16.1, 'fear': 12.9, 'neutral': 45.2, 'happy': 6.5}",19.4,0.0,12.9,6.5,45.2,16.1,0.0
Cd0JH1AreDw_seg004,4.0,0.00603,2e-05,0.03158,0.0001,34.0,neutral,"{'fear': 20.6, 'neutral': 35.3, 'happy': 8.8, 'angry': 20.6, 'sad': 11.8, 'surprise': 2.9}",20.6,0.0,20.6,8.8,35.3,11.8,2.9
Cd0JH1AreDw_seg005,3.0,0.00658,3e-05,0.04021,3e-05,32.0,neutral,"{'neutral': 40.6, 'sad': 25.0, 'fear': 9.4, 'angry': 21.9, 'surprise': 3.1}",21.9,0.0,9.4,0.0,40.6,25.0,3.1
Cd0JH1AreDw_seg006,3.0,0.00588,2e-05,0.03881,2e-05,31.0,sad,"{'neutral': 35.5, 'angry': 19.4, 'sad': 41.9, 'fear': 3.2}",19.4,0.0,3.2,0.0,35.5,41.9,0.0
Cd0JH1AreDw_seg007,3.0,0.00588,3e-05,0.03959,3e-05,32.0,neutral,"{'neutral': 43.8, 'angry': 9.4, 'sad': 31.2, 'fear': 9.4, 'happy': 6.2}",9.4,0.0,9.4,6.2,43.8,31.2,0.0
Cd0JH1AreDw_seg008,4.0,0.00684,4e-05,0.03897,4e-05,32.0,sad,"{'neutral': 18.8, 'sad': 31.2, 'happy': 9.4, 'angry': 15.6, 'fear': 25.0}",15.6,0.0,25.0,9.4,18.8,31.2,0.0
Cd0JH1AreDw_seg009,4.0,0.00554,3e-05,0.02725,0.0001,32.0,neutral,"{'fear': 15.6, 'happy': 6.2, 'neutral': 31.2, 'angry': 18.8, 'sad': 28.1}",18.8,0.0,15.6,6.2,31.2,28.1,0.0
Cd0JH1AreDw_seg010,3.0,0.00634,3e-05,0.03789,5e-05,33.0,sad,"{'neutral': 33.3, 'sad': 42.4, 'fear': 6.1, 'angry': 9.1, 'surprise': 3.0, 'happy': 6.1}",9.1,0.0,6.1,6.1,33.3,42.4,3.0
Cd0JH1AreDw_seg011,2.0,0.00619,3e-05,0.03905,2e-05,31.0,sad,"{'sad': 35.5, 'neutral': 25.8, 'happy': 6.5, 'fear': 16.1, 'angry': 12.9, 'surprise': 3.2}",12.9,0.0,16.1,6.5,25.8,35.5,3.2
Cd0JH1AreDw_seg012,3.0,0.00732,3e-05,0.03721,1e-05,31.0,neutral,"{'happy': 16.1, 'neutral': 29.0, 'sad': 9.7, 'fear': 19.4, 'surprise': 16.1, 'angry': 6.5, 'disgust': 3.2}",6.5,3.2,19.4,16.1,29.0,9.7,16.1
Cd0JH1AreDw_seg013,3.0,0.00652,3e-05,0.03968,2e-05,31.0,sad,"{'sad': 32.3, 'angry': 12.9, 'fear': 16.1, 'neutral': 32.3, 'happy': 6.5}",12.9,0.0,16.1,6.5,32.3,32.3,0.0
Cd0JH1AreDw_seg014,3.0,0.00586,3e-05,0.03126,0.00012,32.0,neutral,"{'sad': 34.4, 'angry': 9.4, 'neutral': 46.9, 'fear': 9.4}",9.4,0.0,9.4,0.0,46.9,34.4,0.0
Cd0JH1AreDw_seg015,4.0,0.00577,3e-05,0.03821,8e-05,32.0,sad,"{'fear': 15.6, 'angry': 12.5, 'neutral': 25.0, 'sad': 31.2, 'happy': 12.5, 'surprise': 3.1}",12.5,0.0,15.6,12.5,25.0,31.2,3.1
Cd0JH1AreDw_seg016,3.0,0.00478,3e-05,0.0252,0.00011,33.0,sad,"{'sad': 42.4, 'fear': 12.1, 'angry': 18.2, 'neutral': 27.3}",18.2,0.0,12.1,0.0,27.3,42.4,0.0
Cd0JH1AreDw_seg017,2.0,0.00687,3e-05,0.03932,2e-05,32.0,neutral,"{'neutral': 28.1, 'happy': 12.5, 'angry': 21.9, 'fear': 18.8, 'sad': 18.8}",21.9,0.0,18.8,12.5,28.1,18.8,0.0
Cd0JH1AreDw_seg018,3.0,0.00666,3e-05,0.04007,2e-05,32.0,neutral,"{'sad': 18.8, 'neutral': 46.9, 'angry': 3.1, 'happy': 18.8, 'surprise': 6.2, 'fear': 6.2}",3.1,0.0,6.2,18.8,46.9,18.8,6.2
Cd0JH1AreDw_seg019,3.0,0.00759,3e-05,0.03666,2e-05,31.0,sad,"{'sad': 41.9, 'neutral': 19.4, 'angry': 16.1, 'fear': 16.1, 'happy': 6.5}",16.1,0.0,16.1,6.5,19.4,41.9,0.0
Cd0JH1AreDw_seg020,3.0,0.00738,4e-05,0.03798,2e-05,31.0,neutral,"{'neutral': 38.7, 'fear': 19.4, 'happy': 9.7, 'sad': 29.0, 'angry': 3.2}",3.2,0.0,19.4,9.7,38.7,29.0,0.0
Cd0JH1AreDw_seg021,2.0,0.00444,2e-05,0.02708,0.00015,33.0,sad,"{'fear': 24.2, 'sad': 51.5, 'happy': 12.1, 'neutral': 9.1, 'angry': 3.0}",3.0,0.0,24.2,12.1,9.1,51.5,0.0
Cd0JH1AreDw_seg022,2.0,0.00878,4e-05,0.04818,2e-05,32.0,neutral,"{'sad': 31.2, 'fear': 9.4, 'neutral': 34.4, 'happy': 18.8, 'angry': 3.1, 'surprise': 3.1}",3.1,0.0,9.4,18.8,34.4,31.2,3.1
Cd0JH1AreDw_seg023,2.0,0.01011,6e-05,0.04788,3e-05,33.0,neutral,"{'neutral': 36.4, 'fear': 21.2, 'surprise': 3.0, 'sad': 21.2, 'angry': 15.2, 'happy': 3.0}",15.2,0.0,21.2,3.0,36.4,21.2,3.0
Cd0JH1AreDw_seg024,3.0,0.01074,7e-05,0.0459,3e-05,32.0,neutral,"{'surprise': 9.4, 'sad': 15.6, 'neutral': 43.8, 'fear': 18.8, 'happy': 9.4, 'angry': 3.1}",3.1,0.0,18.8,9.4,43.8,15.6,9.4
Cd0JH1AreDw_seg025,3.0,0.00861,4e-05,0.0467,2e-05,33.0,sad,"{'sad': 51.5, 'neutral': 27.3, 'angry': 9.1, 'surprise': 9.1, 'fear': 3.0}",9.1,0.0,3.0,0.0,27.3,51.5,9.1
Cd0JH1AreDw_seg026,4.0,0.0101,7e-05,0.04556,1e-05,32.0,sad,"{'sad': 46.9, 'fear': 12.5, 'neutral': 34.4, 'angry': 3.1, 'happy': 3.1}",3.1,0.0,12.5,3.1,34.4,46.9,0.0
Cd0JH1AreDw_seg027,3.0,0.00924,4e-05,0.04497,2e-05,31.0,neutral,"{'fear': 22.6, 'sad': 19.4, 'angry': 12.9, 'happy': 3.2, 'neutral': 41.9}",12.9,0.0,22.6,3.2,41.9,19.4,0.0
Cd0JH1AreDw_seg028,3.0,0.00869,5e-05,0.04495,2e-05,31.0,neutral,"{'sad': 32.3, 'neutral': 38.7, 'happy': 19.4, 'fear': 9.7}",0.0,0.0,9.7,19.4,38.7,32.3,0.0
Cd0JH1AreDw_seg029,3.0,0.01123,7e-05,0.04661,2e-05,32.0,neutral,"{'sad': 37.5, 'neutral': 46.9, 'angry': 9.4, 'happy': 3.1, 'fear': 3.1}",9.4,0.0,3.1,3.1,46.9,37.5,0.0
D9Ihs241zeg_seg000,2.0,0.00811,4e-05,0.02994,5e-05,32.0,sad,"{'fear': 15.6, 'sad': 31.2, 'neutral': 31.2, 'happy': 18.8, 'angry': 3.1}",3.1,0.0,15.6,18.8,31.2,31.2,0.0
D9Ihs241zeg_seg001,3.0,0.01251,9e-05,0.03137,4e-05,32.0,neutral,"{'neutral': 46.9, 'happy': 15.6, 'fear': 21.9, 'angry': 9.4, 'sad': 6.2}",9.4,0.0,21.9,15.6,46.9,6.2,0.0
D9Ihs241zeg_seg002,4.0,0.01608,9e-05,0.03295,4e-05,32.0,angry,"{'sad': 34.4, 'fear': 9.4, 'angry': 40.6, 'neutral': 9.4, 'happy': 6.2}",40.6,0.0,9.4,6.2,9.4,34.4,0.0
D9Ihs241zeg_seg003,3.0,0.01869,0.0001,0.0336,3e-05,33.0,neutral,"{'neutral': 81.8, 'angry': 9.1, 'fear': 6.1, 'happy': 3.0}",9.1,0.0,6.1,3.0,81.8,0.0,0.0
D9Ihs241zeg_seg004,3.0,0.01452,8e-05,0.03521,3e-05,31.0,neutral,"{'neutral': 41.9, 'fear': 22.6, 'happy': 3.2, 'sad': 19.4, 'angry': 12.9}",12.9,0.0,22.6,3.2,41.9,19.4,0.0
D9Ihs241zeg_seg005,2.0,0.01276,9e-05,0.0313,2e-05,31.0,neutral,"{'neutral': 61.3, 'happy': 12.9, 'angry': 22.6, 'fear': 3.2}",22.6,0.0,3.2,12.9,61.3,0.0,0.0
D9Ihs241zeg_seg006,2.0,0.00945,7e-05,0.02544,6e-05,31.0,neutral,"{'neutral': 58.1, 'fear': 16.1, 'happy': 16.1, 'sad': 3.2, 'angry': 6.5}",6.5,0.0,16.1,16.1,58.1,3.2,0.0
D9Ihs241zeg_seg007,3.0,0.01238,7e-05,0.02915,3e-05,32.0,neutral,"{'neutral': 56.2, 'fear': 21.9, 'sad': 6.2, 'angry': 6.2, 'happy': 9.4}",6.2,0.0,21.9,9.4,56.2,6.2,0.0
D9Ihs241zeg_seg008,4.0,0.01515,0.0001,0.03315,4e-05,31.0,neutral,"{'happy': 16.1, 'neutral': 29.0, 'angry': 6.5, 'fear': 25.8, 'sad': 22.6}",6.5,0.0,25.8,16.1,29.0,22.6,0.0
D9Ihs241zeg_seg009,3.0,0.01349,0.0001,0.03186,4e-05,31.0,neutral,"{'neutral': 48.4, 'happy': 35.5, 'angry': 6.5, 'sad': 3.2, 'fear': 6.5}",6.5,0.0,6.5,35.5,48.4,3.2,0.0
D9Ihs241zeg_seg010,4.0,0.00817,5e-05,0.0253,2e-05,33.0,sad,"{'fear': 18.2, 'happy': 9.1, 'neutral': 27.3, 'sad': 45.5}",0.0,0.0,18.2,9.1,27.3,45.5,0.0
D9Ihs241zeg_seg011,3.0,0.01045,8e-05,0.0288,5e-05,31.0,fear,"{'neutral': 29.0, 'sad': 12.9, 'fear': 38.7, 'angry': 12.9, 'happy': 6.5}",12.9,0.0,38.7,6.5,29.0,12.9,0.0
D9Ihs241zeg_seg012,3.0,0.01205,6e-05,0.03163,4e-05,31.0,neutral,"{'neutral': 48.4, 'angry': 19.4, 'happy': 16.1, 'sad': 3.2, 'fear': 12.9}",19.4,0.0,12.9,16.1,48.4,3.2,0.0
D9Ihs241zeg_seg013,3.0,0.01876,0.00015,0.03674,3e-05,31.0,angry,"{'neutral': 25.8, 'fear': 3.2, 'angry': 58.1, 'sad': 3.2, 'happy': 9.7}",58.1,0.0,3.2,9.7,25.8,3.2,0.0
D9Ihs241zeg_seg014,2.0,0.01041,6e-05,0.02634,4e-05,32.0,neutral,"{'neutral': 43.8, 'fear': 6.2, 'happy': 3.1, 'angry': 12.5, 'sad': 34.4}",12.5,0.0,6.2,3.1,43.8,34.4,0.0
D9Ihs241zeg_seg015,2.0,0.00387,1e-05,0.01766,0.0,31.0,neutral,"{'sad': 35.5, 'neutral': 51.6, 'happy': 12.9}",0.0,0.0,0.0,12.9,51.6,35.5,0.0
D9Ihs241zeg_seg016,3.0,0.01439,9e-05,0.03171,4e-05,32.0,neutral,"{'neutral': 56.2, 'happy': 18.8, 'angry': 18.8, 'sad': 6.2}",18.8,0.0,0.0,18.8,56.2,6.2,0.0
D9Ihs241zeg_seg017,3.0,0.01444,8e-05,0.03294,3e-05,33.0,neutral,"{'happy': 27.3, 'neutral': 30.3, 'fear': 24.2, 'angry': 12.1, 'sad': 6.1}",12.1,0.0,24.2,27.3,30.3,6.1,0.0
D9Ihs241zeg_seg018,3.0,0.00704,3e-05,0.02177,3e-05,31.0,neutral,"{'sad': 6.5, 'fear': 19.4, 'angry': 3.2, 'neutral': 51.6, 'happy': 19.4}",3.2,0.0,19.4,19.4,51.6,6.5,0.0
D9Ihs241zeg_seg019,4.0,0.01705,0.00015,0.0297,7e-05,40.0,neutral,"{'happy': 25.0, 'neutral': 60.0, 'angry': 7.5, 'fear': 5.0, 'sad': 2.5}",7.5,0.0,5.0,25.0,60.0,2.5,0.0
D9Ihs241zeg_seg020,4.0,0.01809,9e-05,0.03311,4e-05,30.0,fear,"{'happy': 13.3, 'neutral': 20.0, 'fear': 50.0, 'angry': 13.3, 'surprise': 3.3}",13.3,0.0,50.0,13.3,20.0,0.0,3.3
D9Ihs241zeg_seg021,3.0,0.01416,8e-05,0.03285,3e-05,32.0,fear,"{'fear': 68.8, 'happy': 28.1, 'neutral': 3.1}",0.0,0.0,68.8,28.1,3.1,0.0,0.0
D9Ihs241zeg_seg022,4.0,0.01061,5e-05,0.02598,4e-05,32.0,fear,"{'fear': 78.1, 'sad': 6.2, 'neutral': 9.4, 'surprise': 3.1, 'happy': 3.1}",0.0,0.0,78.1,3.1,9.4,6.2,3.1
D9Ihs241zeg_seg023,3.0,0.0093,4e-05,0.02338,1e-05,32.0,fear,"{'fear': 62.5, 'neutral': 3.1, 'sad': 18.8, 'angry': 15.6}",15.6,0.0,62.5,0.0,3.1,18.8,0.0
D9Ihs241zeg_seg024,4.0,0.00852,3e-05,0.02202,1e-05,32.0,fear,"{'angry': 6.2, 'fear': 84.4, 'neutral': 9.4}",6.2,0.0,84.4,0.0,9.4,0.0,0.0
D9Ihs241zeg_seg025,3.0,0.01107,6e-05,0.02706,1e-05,31.0,fear,"{'surprise': 3.2, 'fear': 67.7, 'neutral': 22.6, 'happy': 6.5}",0.0,0.0,67.7,6.5,22.6,0.0,3.2
D9Ihs241zeg_seg026,4.0,0.01767,0.0001,0.0345,4e-05,31.0,happy,"{'neutral': 29.0, 'happy': 35.5, 'sad': 9.7, 'fear': 19.4, 'angry': 6.5}",6.5,0.0,19.4,35.5,29.0,9.7,0.0
D9Ihs241zeg_seg027,3.0,0.01524,8e-05,0.03542,6e-05,31.0,neutral,"{'fear': 9.7, 'neutral': 54.8, 'angry': 6.5, 'sad': 6.5, 'happy': 22.6}",6.5,0.0,9.7,22.6,54.8,6.5,0.0
D9Ihs241zeg_seg028,3.0,0.01022,0.0001,0.02734,0.0001,32.0,neutral,"{'fear': 21.9, 'neutral': 56.2, 'angry': 18.8, 'happy': 3.1}",18.8,0.0,21.9,3.1,56.2,0.0,0.0
D9Ihs241zeg_seg029,3.0,0.01407,7e-05,0.03543,2e-05,31.0,neutral,"{'neutral': 45.2, 'happy': 16.1, 'fear': 22.6, 'angry': 12.9, 'sad': 3.2}",12.9,0.0,22.6,16.1,45.2,3.2,0.0
D9Ihs241zeg_seg030,3.0,0.01347,8e-05,0.033,3e-05,32.0,neutral,"{'neutral': 25.0, 'fear': 25.0, 'sad': 25.0, 'happy': 18.8, 'angry': 6.2}",6.2,0.0,25.0,18.8,25.0,25.0,0.0
D9Ihs241zeg_seg031,4.0,0.01547,9e-05,0.0346,5e-05,33.0,neutral,"{'happy': 6.1, 'neutral': 60.6, 'fear': 12.1, 'sad': 21.2}",0.0,0.0,12.1,6.1,60.6,21.2,0.0
eZj5n8ScTkI_seg000,3.0,0.01768,0.00013,0.03969,3e-05,25.0,sad,"{'happy': 12.0, 'sad': 36.0, 'fear': 8.0, 'angry': 24.0, 'neutral': 20.0}",24.0,0.0,8.0,12.0,20.0,36.0,0.0
eZj5n8ScTkI_seg001,3.0,0.01039,5e-05,0.02284,1e-05,25.0,neutral,"{'neutral': 48.0, 'sad': 20.0, 'happy': 8.0, 'fear': 4.0, 'angry': 20.0}",20.0,0.0,4.0,8.0,48.0,20.0,0.0
eZj5n8ScTkI_seg002,2.0,0.01293,0.00015,0.02892,0.00013,25.0,sad,"{'angry': 32.0, 'happy': 12.0, 'neutral': 12.0, 'sad': 44.0}",32.0,0.0,0.0,12.0,12.0,44.0,0.0
eZj5n8ScTkI_seg003,3.0,0.01164,5e-05,0.02324,1e-05,26.0,angry,"{'neutral': 26.9, 'happy': 11.5, 'angry': 42.3, 'fear': 7.7, 'sad': 7.7, 'surprise': 3.8}",42.3,0.0,7.7,11.5,26.9,7.7,3.8
eZj5n8ScTkI_seg004,4.0,0.01653,0.0001,0.0331,6e-05,26.0,neutral,"{'happy': 7.7, 'sad': 34.6, 'neutral': 50.0, 'surprise': 3.8, 'angry': 3.8}",3.8,0.0,0.0,7.7,50.0,34.6,3.8
eZj5n8ScTkI_seg005,3.0,0.01517,0.00016,0.03264,3e-05,26.0,sad,"{'neutral': 15.4, 'angry': 11.5, 'sad': 38.5, 'fear': 3.8, 'happy': 30.8}",11.5,0.0,3.8,30.8,15.4,38.5,0.0
eZj5n8ScTkI_seg006,3.0,0.01888,0.00016,0.03075,3e-05,26.0,neutral,"{'sad': 26.9, 'angry': 19.2, 'surprise': 7.7, 'neutral': 42.3, 'happy': 3.8}",19.2,0.0,0.0,3.8,42.3,26.9,7.7
eZj5n8ScTkI_seg008,2.0,0.01749,0.00015,0.02888,5e-05,25.0,sad,"{'neutral': 16.0, 'sad': 28.0, 'happy': 20.0, 'angry': 28.0, 'fear': 4.0, 'surprise': 4.0}",28.0,0.0,4.0,20.0,16.0,28.0,4.0
eZj5n8ScTkI_seg009,3.0,0.01238,5e-05,0.02487,1e-05,25.0,angry,"{'angry': 32.0, 'neutral': 16.0, 'sad': 12.0, 'happy': 32.0, 'fear': 8.0}",32.0,0.0,8.0,32.0,16.0,12.0,0.0
eZj5n8ScTkI_seg010,3.0,0.01046,6e-05,0.02544,1e-05,25.0,angry,"{'sad': 20.0, 'neutral': 16.0, 'happy': 12.0, 'angry': 52.0}",52.0,0.0,0.0,12.0,16.0,20.0,0.0
eZj5n8ScTkI_seg012,2.0,0.01393,0.0001,0.02701,3e-05,26.0,sad,"{'angry': 30.8, 'sad': 46.2, 'neutral': 23.1}",30.8,0.0,0.0,0.0,23.1,46.2,0.0
eZj5n8ScTkI_seg013,3.0,0.02393,0.00024,0.04334,5e-05,25.0,sad,"{'sad': 44.0, 'happy': 12.0, 'neutral': 8.0, 'angry': 8.0, 'disgust': 24.0, 'fear': 4.0}",8.0,24.0,4.0,12.0,8.0,44.0,0.0
eZj5n8ScTkI_seg014,3.0,0.01622,0.00012,0.03372,6e-05,26.0,happy,"{'fear': 7.7, 'sad': 11.5, 'happy': 42.3, 'neutral': 19.2, 'angry': 15.4, 'surprise': 3.8}",15.4,0.0,7.7,42.3,19.2,11.5,3.8
eZj5n8ScTkI_seg015,3.0,0.01368,6e-05,0.02949,1e-05,26.0,fear,"{'neutral': 19.2, 'happy': 15.4, 'sad': 19.2, 'angry': 15.4, 'fear': 30.8}",15.4,0.0,30.8,15.4,19.2,19.2,0.0
eZj5n8ScTkI_seg016,2.0,0.01604,0.00018,0.03655,0.00013,25.0,sad,"{'fear': 12.0, 'sad': 48.0, 'angry': 12.0, 'happy': 8.0, 'neutral': 20.0}",12.0,0.0,12.0,8.0,20.0,48.0,0.0
eZj5n8ScTkI_seg017,3.0,0.01462,7e-05,0.0268,1e-05,25.0,fear,"{'neutral': 24.0, 'happy': 16.0, 'angry': 16.0, 'sad': 16.0, 'fear': 28.0}",16.0,0.0,28.0,16.0,24.0,16.0,0.0
eZj5n8ScTkI_seg018,2.0,0.02153,0.00019,0.04089,5e-05,26.0,sad,"{'happy': 26.9, 'sad': 50.0, 'neutral': 19.2, 'angry': 3.8}",3.8,0.0,0.0,26.9,19.2,50.0,0.0
eZj5n8ScTkI_seg022,3.0,0.01605,0.00014,0.03148,5e-05,26.0,sad,"{'sad': 42.3, 'happy': 19.2, 'neutral': 19.2, 'fear': 3.8, 'angry': 15.4}",15.4,0.0,3.8,19.2,19.2,42.3,0.0
eZj5n8ScTkI_seg023,3.0,0.02376,0.0004,0.03689,8e-05,27.0,angry,"{'angry': 37.0, 'happy': 11.1, 'neutral': 29.6, 'sad': 22.2}",37.0,0.0,0.0,11.1,29.6,22.2,0.0
eZj5n8ScTkI_seg024,4.0,0.02396,0.0002,0.03046,0.00015,26.0,sad,"{'angry': 23.1, 'fear': 3.8, 'neutral': 23.1, 'surprise': 19.2, 'sad': 30.8}",23.1,0.0,3.8,0.0,23.1,30.8,19.2
eZj5n8ScTkI_seg025,3.0,0.01943,0.00027,0.0401,0.00035,25.0,sad,"{'angry': 20.0, 'neutral': 24.0, 'sad': 32.0, 'fear': 16.0, 'happy': 8.0}",20.0,0.0,16.0,8.0,24.0,32.0,0.0
eZj5n8ScTkI_seg026,3.0,0.03643,0.00065,0.06552,0.00029,27.0,sad,"{'sad': 55.6, 'angry': 22.2, 'neutral': 14.8, 'happy': 3.7, 'surprise': 3.7}",22.2,0.0,0.0,3.7,14.8,55.6,3.7
eZj5n8ScTkI_seg027,3.0,0.01431,5e-05,0.02612,7e-05,26.0,angry,"{'neutral': 15.4, 'angry': 50.0, 'fear': 11.5, 'surprise': 7.7, 'sad': 11.5, 'happy': 3.8}",50.0,0.0,11.5,3.8,15.4,11.5,7.7
eZj5n8ScTkI_seg028,2.0,0.04145,0.00083,0.06656,0.00019,26.0,sad,"{'angry': 3.8, 'happy': 23.1, 'neutral': 23.1, 'surprise': 3.8, 'sad': 46.2}",3.8,0.0,0.0,23.1,23.1,46.2,3.8
eZj5n8ScTkI_seg029,3.0,0.03799,0.00068,0.06859,0.00016,26.0,angry,"{'sad': 23.1, 'neutral': 15.4, 'happy': 15.4, 'angry': 42.3, 'fear': 3.8}",42.3,0.0,3.8,15.4,15.4,23.1,0.0
guXxy8LH2QM_seg000,4.0,0.01134,4e-05,0.02243,1e-05,33.0,neutral,"{'neutral': 57.6, 'happy': 15.2, 'fear': 15.2, 'sad': 9.1, 'angry': 3.0}",3.0,0.0,15.2,15.2,57.6,9.1,0.0
guXxy8LH2QM_seg001,3.0,0.00769,2e-05,0.02564,0.0,31.0,sad,"{'sad': 45.2, 'neutral': 22.6, 'happy': 12.9, 'fear': 19.4}",0.0,0.0,19.4,12.9,22.6,45.2,0.0
guXxy8LH2QM_seg002,2.0,0.00986,4e-05,0.02436,1e-05,31.0,neutral,"{'neutral': 48.4, 'fear': 16.1, 'happy': 19.4, 'angry': 9.7, 'surprise': 6.5}",9.7,0.0,16.1,19.4,48.4,0.0,6.5
guXxy8LH2QM_seg003,3.0,0.01077,5e-05,0.0247,1e-05,32.0,neutral,"{'neutral': 46.9, 'angry': 3.1, 'happy': 12.5, 'fear': 21.9, 'surprise': 3.1, 'sad': 12.5}",3.1,0.0,21.9,12.5,46.9,12.5,3.1
guXxy8LH2QM_seg004,4.0,0.02146,9e-05,0.04363,3e-05,31.0,neutral,"{'happy': 9.7, 'fear': 29.0, 'neutral': 35.5, 'angry': 9.7, 'sad': 16.1}",9.7,0.0,29.0,9.7,35.5,16.1,0.0
guXxy8LH2QM_seg005,3.0,0.00942,4e-05,0.02342,0.0,30.0,neutral,"{'happy': 10.0, 'fear': 30.0, 'neutral': 33.3, 'sad': 23.3, 'angry': 3.3}",3.3,0.0,30.0,10.0,33.3,23.3,0.0
guXxy8LH2QM_seg006,3.0,0.00849,4e-05,0.02376,1e-05,32.0,neutral,"{'happy': 12.5, 'neutral': 46.9, 'surprise': 12.5, 'sad': 6.2, 'fear': 12.5, 'angry': 9.4}",9.4,0.0,12.5,12.5,46.9,6.2,12.5
guXxy8LH2QM_seg007,2.0,0.01182,4e-05,0.02239,1e-05,33.0,neutral,"{'surprise': 12.1, 'angry': 18.2, 'neutral': 45.5, 'fear': 15.2, 'happy': 9.1}",18.2,0.0,15.2,9.1,45.5,0.0,12.1
guXxy8LH2QM_seg008,3.0,0.00724,4e-05,0.02142,1e-05,31.0,neutral,"{'neutral': 58.1, 'sad': 16.1, 'fear': 16.1, 'surprise': 3.2, 'happy': 6.5}",0.0,0.0,16.1,6.5,58.1,16.1,3.2
guXxy8LH2QM_seg009,3.0,0.01024,4e-05,0.02313,0.0,32.0,neutral,"{'neutral': 43.8, 'sad': 9.4, 'angry': 9.4, 'happy': 31.2, 'fear': 3.1, 'surprise': 3.1}",9.4,0.0,3.1,31.2,43.8,9.4,3.1
guXxy8LH2QM_seg010,4.0,0.01162,4e-05,0.02321,1e-05,34.0,neutral,"{'neutral': 61.8, 'sad': 8.8, 'fear': 11.8, 'surprise': 8.8, 'angry': 2.9, 'happy': 5.9}",2.9,0.0,11.8,5.9,61.8,8.8,8.8
hJnEQCMA5Sg_seg002,2.0,0.00923,5e-05,0.03125,4e-05,25.0,neutral,"{'neutral': 56.0, 'fear': 4.0, 'sad': 16.0, 'angry': 12.0, 'happy': 12.0}",12.0,0.0,4.0,12.0,56.0,16.0,0.0
hJnEQCMA5Sg_seg004,3.0,0.00961,6e-05,0.0245,1e-05,26.0,neutral,"{'neutral': 42.3, 'sad': 30.8, 'surprise': 3.8, 'happy': 3.8, 'fear': 19.2}",0.0,0.0,19.2,3.8,42.3,30.8,3.8
hJnEQCMA5Sg_seg005,3.0,0.01164,9e-05,0.03117,3e-05,25.0,neutral,"{'angry': 24.0, 'sad': 24.0, 'neutral': 32.0, 'happy': 8.0, 'fear': 12.0}",24.0,0.0,12.0,8.0,32.0,24.0,0.0
hJnEQCMA5Sg_seg006,2.0,0.01107,6e-05,0.0251,2e-05,25.0,neutral,"{'sad': 36.0, 'fear': 12.0, 'neutral': 40.0, 'angry': 12.0}",12.0,0.0,12.0,0.0,40.0,36.0,0.0
hJnEQCMA5Sg_seg007,2.0,0.00669,2e-05,0.02222,3e-05,26.0,neutral,"{'sad': 42.3, 'fear': 11.5, 'neutral': 46.2}",0.0,0.0,11.5,0.0,46.2,42.3,0.0
hJnEQCMA5Sg_seg010,3.0,0.01079,7e-05,0.03331,4e-05,27.0,sad,"{'sad': 37.0, 'neutral': 29.6, 'happy': 11.1, 'fear': 18.5, 'angry': 3.7}",3.7,0.0,18.5,11.1,29.6,37.0,0.0
hJnEQCMA5Sg_seg011,3.0,0.0109,5e-05,0.03224,4e-05,25.0,fear,"{'neutral': 28.0, 'angry': 8.0, 'sad': 16.0, 'fear': 48.0}",8.0,0.0,48.0,0.0,28.0,16.0,0.0
hJnEQCMA5Sg_seg012,3.0,0.00845,4e-05,0.02915,4e-05,26.0,neutral,"{'sad': 34.6, 'angry': 7.7, 'neutral': 42.3, 'happy': 7.7, 'fear': 7.7}",7.7,0.0,7.7,7.7,42.3,34.6,0.0
hJnEQCMA5Sg_seg013,3.0,0.00879,3e-05,0.02774,6e-05,25.0,sad,"{'happy': 16.0, 'neutral': 12.0, 'sad': 48.0, 'angry': 24.0}",24.0,0.0,0.0,16.0,12.0,48.0,0.0
hJnEQCMA5Sg_seg014,3.0,0.00944,5e-05,0.0311,3e-05,26.0,fear,"{'sad': 15.4, 'neutral': 34.6, 'fear': 42.3, 'happy': 7.7}",0.0,0.0,42.3,7.7,34.6,15.4,0.0
hJnEQCMA5Sg_seg016,2.0,0.0,0.0,0.0,0.0,26.0,neutral,"{'neutral': 69.2, 'fear': 11.5, 'sad': 15.4, 'angry': 3.8}",3.8,0.0,11.5,0.0,69.2,15.4,0.0
hJnEQCMA5Sg_seg017,2.0,0.01057,5e-05,0.02746,6e-05,25.0,fear,"{'fear': 60.0, 'angry': 8.0, 'sad': 24.0, 'neutral': 4.0, 'happy': 4.0}",8.0,0.0,60.0,4.0,4.0,24.0,0.0
hJnEQCMA5Sg_seg019,2.0,0.01032,7e-05,0.03076,6e-05,25.0,sad,"{'happy': 28.0, 'neutral': 32.0, 'sad': 36.0, 'fear': 4.0}",0.0,0.0,4.0,28.0,32.0,36.0,0.0
hJnEQCMA5Sg_seg020,3.0,0.0117,6e-05,0.02959,3e-05,24.0,sad,"{'sad': 33.3, 'fear': 16.7, 'neutral': 29.2, 'happy': 12.5, 'angry': 8.3}",8.3,0.0,16.7,12.5,29.2,33.3,0.0
IcaDZK1Njb0_seg000,3.0,0.007,6e-05,0.01605,1e-05,32.0,sad,"{'neutral': 15.6, 'sad': 65.6, 'fear': 12.5, 'happy': 6.2}",0.0,0.0,12.5,6.2,15.6,65.6,0.0
IcaDZK1Njb0_seg001,2.0,0.01296,0.00011,0.02633,9e-05,34.0,sad,"{'sad': 50.0, 'happy': 5.9, 'fear': 38.2, 'neutral': 5.9}",0.0,0.0,38.2,5.9,5.9,50.0,0.0
IcaDZK1Njb0_seg002,3.0,0.00865,4e-05,0.02036,2e-05,37.0,sad,"{'fear': 24.3, 'sad': 40.5, 'neutral': 35.1}",0.0,0.0,24.3,0.0,35.1,40.5,0.0
IcaDZK1Njb0_seg003,2.0,0.01381,0.00013,0.02823,0.0001,34.0,sad,"{'angry': 5.9, 'sad': 50.0, 'fear': 35.3, 'happy': 2.9, 'neutral': 5.9}",5.9,0.0,35.3,2.9,5.9,50.0,0.0
IcaDZK1Njb0_seg004,1.0,0.01047,8e-05,0.02655,0.00012,31.0,fear,"{'sad': 29.0, 'neutral': 19.4, 'fear': 38.7, 'happy': 6.5, 'angry': 6.5}",6.5,0.0,38.7,6.5,19.4,29.0,0.0
IcaDZK1Njb0_seg005,1.0,0.00916,6e-05,0.02282,3e-05,33.0,sad,"{'fear': 24.2, 'sad': 36.4, 'surprise': 9.1, 'happy': 21.2, 'neutral': 9.1}",0.0,0.0,24.2,21.2,9.1,36.4,9.1
IcaDZK1Njb0_seg006,3.0,0.013,0.00016,0.02506,9e-05,32.0,sad,"{'neutral': 15.6, 'sad': 62.5, 'fear': 15.6, 'happy': 6.2}",0.0,0.0,15.6,6.2,15.6,62.5,0.0
IcaDZK1Njb0_seg007,2.0,0.00938,4e-05,0.01945,1e-05,32.0,sad,"{'sad': 56.2, 'neutral': 12.5, 'fear': 28.1, 'happy': 3.1}",0.0,0.0,28.1,3.1,12.5,56.2,0.0
IcaDZK1Njb0_seg008,3.0,0.01231,0.00014,0.02722,9e-05,31.0,sad,"{'sad': 67.7, 'happy': 16.1, 'neutral': 6.5, 'fear': 9.7}",0.0,0.0,9.7,16.1,6.5,67.7,0.0
IcaDZK1Njb0_seg009,2.0,0.00729,4e-05,0.01881,2e-05,31.0,sad,"{'fear': 32.3, 'neutral': 16.1, 'happy': 9.7, 'sad': 38.7, 'angry': 3.2}",3.2,0.0,32.3,9.7,16.1,38.7,0.0
IcaDZK1Njb0_seg010,2.0,0.01108,0.00013,0.02767,8e-05,33.0,sad,"{'fear': 9.1, 'happy': 18.2, 'neutral': 15.2, 'sad': 57.6}",0.0,0.0,9.1,18.2,15.2,57.6,0.0
IcaDZK1Njb0_seg011,1.0,0.01101,0.00011,0.02723,0.0001,39.0,sad,"{'sad': 59.0, 'happy': 7.7, 'fear': 17.9, 'angry': 2.6, 'neutral': 12.8}",2.6,0.0,17.9,7.7,12.8,59.0,0.0
IcaDZK1Njb0_seg012,2.0,0.00716,5e-05,0.01963,1e-05,39.0,neutral,"{'sad': 35.9, 'fear': 17.9, 'angry': 5.1, 'neutral': 38.5, 'happy': 2.6}",5.1,0.0,17.9,2.6,38.5,35.9,0.0
IcaDZK1Njb0_seg013,2.0,0.00469,3e-05,0.01908,0.0,32.0,sad,"{'sad': 46.9, 'neutral': 28.1, 'fear': 15.6, 'angry': 9.4}",9.4,0.0,15.6,0.0,28.1,46.9,0.0
IcaDZK1Njb0_seg014,2.0,0.00988,6e-05,0.01984,1e-05,32.0,sad,"{'neutral': 15.6, 'sad': 46.9, 'happy': 12.5, 'fear': 25.0}",0.0,0.0,25.0,12.5,15.6,46.9,0.0
IcaDZK1Njb0_seg015,3.0,0.01655,0.00015,0.03138,0.0001,32.0,sad,"{'sad': 59.4, 'happy': 6.2, 'fear': 25.0, 'angry': 3.1, 'neutral': 6.2}",3.1,0.0,25.0,6.2,6.2,59.4,0.0
IcaDZK1Njb0_seg016,3.0,0.01162,0.00011,0.01882,1e-05,32.0,neutral,"{'neutral': 37.5, 'sad': 37.5, 'fear': 9.4, 'happy': 15.6}",0.0,0.0,9.4,15.6,37.5,37.5,0.0
IcaDZK1Njb0_seg018,4.0,0.01103,0.00011,0.02072,1e-05,35.0,sad,"{'sad': 48.6, 'neutral': 28.6, 'fear': 11.4, 'happy': 8.6, 'angry': 2.9}",2.9,0.0,11.4,8.6,28.6,48.6,0.0
IcaDZK1Njb0_seg019,3.0,0.01429,0.00014,0.02656,9e-05,34.0,sad,"{'sad': 73.5, 'fear': 20.6, 'neutral': 2.9, 'happy': 2.9}",0.0,0.0,20.6,2.9,2.9,73.5,0.0
IcaDZK1Njb0_seg020,3.0,0.01132,7e-05,0.02149,2e-05,36.0,sad,"{'sad': 58.3, 'fear': 22.2, 'happy': 11.1, 'neutral': 8.3}",0.0,0.0,22.2,11.1,8.3,58.3,0.0
IcaDZK1Njb0_seg021,2.0,0.01382,0.00015,0.02732,8e-05,34.0,sad,"{'fear': 35.3, 'happy': 5.9, 'sad': 50.0, 'neutral': 5.9, 'surprise': 2.9}",0.0,0.0,35.3,5.9,5.9,50.0,2.9
Ie9cACQnqew_seg000,3.0,0.0116,4e-05,0.01701,1e-05,28.0,sad,"{'happy': 32.1, 'neutral': 32.1, 'sad': 35.7}",0.0,0.0,0.0,32.1,32.1,35.7,0.0
Ie9cACQnqew_seg001,3.0,0.00968,4e-05,0.01692,1e-05,32.0,sad,"{'happy': 6.2, 'neutral': 37.5, 'surprise': 3.1, 'sad': 46.9, 'fear': 6.2}",0.0,0.0,6.2,6.2,37.5,46.9,3.1
Ie9cACQnqew_seg003,1.0,0.00699,1e-05,0.01326,1e-05,28.0,neutral,"{'sad': 32.1, 'fear': 10.7, 'neutral': 53.6, 'happy': 3.6}",0.0,0.0,10.7,3.6,53.6,32.1,0.0
Ie9cACQnqew_seg004,2.0,0.00631,1e-05,0.01268,1e-05,32.0,sad,"{'happy': 21.9, 'sad': 43.8, 'neutral': 31.2, 'fear': 3.1}",0.0,0.0,3.1,21.9,31.2,43.8,0.0
Ie9cACQnqew_seg005,3.0,0.01026,5e-05,0.01745,0.0,26.0,sad,"{'sad': 57.7, 'neutral': 26.9, 'fear': 11.5, 'happy': 3.8}",0.0,0.0,11.5,3.8,26.9,57.7,0.0
Ie9cACQnqew_seg006,2.0,0.00984,5e-05,0.01722,1e-05,29.0,sad,"{'fear': 20.7, 'sad': 41.4, 'neutral': 27.6, 'happy': 6.9, 'angry': 3.4}",3.4,0.0,20.7,6.9,27.6,41.4,0.0
Ie9cACQnqew_seg007,4.0,0.00777,3e-05,0.01399,1e-05,27.0,sad,"{'fear': 3.7, 'neutral': 40.7, 'sad': 55.6}",0.0,0.0,3.7,0.0,40.7,55.6,0.0
Ie9cACQnqew_seg008,3.0,0.00997,4e-05,0.01529,1e-05,29.0,sad,"{'neutral': 24.1, 'sad': 58.6, 'happy': 6.9, 'fear': 10.3}",0.0,0.0,10.3,6.9,24.1,58.6,0.0
Ie9cACQnqew_seg009,3.0,0.01031,4e-05,0.01713,2e-05,31.0,sad,"{'happy': 25.8, 'sad': 35.5, 'neutral': 29.0, 'angry': 3.2, 'fear': 6.5}",3.2,0.0,6.5,25.8,29.0,35.5,0.0
Ie9cACQnqew_seg010,4.0,0.00724,1e-05,0.01253,0.0,31.0,neutral,"{'neutral': 48.4, 'happy': 22.6, 'fear': 3.2, 'sad': 19.4, 'angry': 6.5}",6.5,0.0,3.2,22.6,48.4,19.4,0.0
Ie9cACQnqew_seg011,3.0,0.01074,4e-05,0.0184,1e-05,26.0,sad,"{'sad': 46.2, 'neutral': 26.9, 'fear': 3.8, 'happy': 15.4, 'surprise': 7.7}",0.0,0.0,3.8,15.4,26.9,46.2,7.7
Ie9cACQnqew_seg012,3.0,0.00736,2e-05,0.01637,1e-05,26.0,sad,"{'fear': 15.4, 'neutral': 34.6, 'sad': 46.2, 'happy': 3.8}",0.0,0.0,15.4,3.8,34.6,46.2,0.0
Ie9cACQnqew_seg013,3.0,0.00645,2e-05,0.01459,1e-05,28.0,sad,"{'sad': 71.4, 'happy': 3.6, 'neutral': 17.9, 'angry': 3.6, 'fear': 3.6}",3.6,0.0,3.6,3.6,17.9,71.4,0.0
Ie9cACQnqew_seg014,4.0,0.00872,3e-05,0.01793,1e-05,27.0,sad,"{'happy': 11.1, 'neutral': 33.3, 'sad': 37.0, 'fear': 18.5}",0.0,0.0,18.5,11.1,33.3,37.0,0.0
Ie9cACQnqew_seg015,4.0,0.00938,4e-05,0.0175,1e-05,31.0,sad,"{'sad': 41.9, 'happy': 6.5, 'fear': 19.4, 'neutral': 32.3}",0.0,0.0,19.4,6.5,32.3,41.9,0.0
Ie9cACQnqew_seg016,4.0,0.01117,4e-05,0.01689,1e-05,30.0,fear,"{'fear': 40.0, 'sad': 33.3, 'happy': 20.0, 'neutral': 6.7}",0.0,0.0,40.0,20.0,6.7,33.3,0.0
Ie9cACQnqew_seg017,3.0,0.00901,3e-05,0.01796,1e-05,27.0,neutral,"{'sad': 40.7, 'neutral': 48.1, 'angry': 3.7, 'happy': 7.4}",3.7,0.0,0.0,7.4,48.1,40.7,0.0
Ie9cACQnqew_seg018,2.0,0.01242,4e-05,0.01896,1e-05,31.0,neutral,"{'happy': 12.9, 'neutral': 45.2, 'sad': 32.3, 'fear': 6.5, 'surprise': 3.2}",0.0,0.0,6.5,12.9,45.2,32.3,3.2
Ie9cACQnqew_seg019,3.0,0.01006,4e-05,0.01584,1e-05,30.0,sad,"{'sad': 63.3, 'neutral': 23.3, 'happy': 6.7, 'fear': 6.7}",0.0,0.0,6.7,6.7,23.3,63.3,0.0
Ie9cACQnqew_seg020,3.0,0.00885,3e-05,0.017,1e-05,28.0,sad,"{'sad': 39.3, 'fear': 39.3, 'neutral': 21.4}",0.0,0.0,39.3,0.0,21.4,39.3,0.0
Ie9cACQnqew_seg021,3.0,0.01092,5e-05,0.01979,1e-05,26.0,sad,"{'sad': 46.2, 'neutral': 30.8, 'fear': 7.7, 'happy': 15.4}",0.0,0.0,7.7,15.4,30.8,46.2,0.0
Ie9cACQnqew_seg022,3.0,0.01024,4e-05,0.01817,1e-05,28.0,sad,"{'neutral': 32.1, 'sad': 46.4, 'fear': 3.6, 'happy': 14.3, 'angry': 3.6}",3.6,0.0,3.6,14.3,32.1,46.4,0.0
Ie9cACQnqew_seg023,4.0,0.00866,4e-05,0.01849,0.0,30.0,sad,"{'sad': 50.0, 'fear': 10.0, 'neutral': 20.0, 'happy': 20.0}",0.0,0.0,10.0,20.0,20.0,50.0,0.0
Ie9cACQnqew_seg024,4.0,0.00922,4e-05,0.01909,1e-05,27.0,neutral,"{'neutral': 48.1, 'fear': 11.1, 'sad': 37.0, 'happy': 3.7}",0.0,0.0,11.1,3.7,48.1,37.0,0.0
Ie9cACQnqew_seg025,3.0,0.01016,3e-05,0.01871,1e-05,31.0,sad,"{'fear': 9.7, 'happy': 16.1, 'sad': 38.7, 'neutral': 29.0, 'angry': 6.5}",6.5,0.0,9.7,16.1,29.0,38.7,0.0
Ie9cACQnqew_seg026,3.0,0.00926,3e-05,0.01605,1e-05,29.0,sad,"{'sad': 44.8, 'happy': 17.2, 'neutral': 24.1, 'angry': 3.4, 'fear': 10.3}",3.4,0.0,10.3,17.2,24.1,44.8,0.0
iG9CE55wbtY_seg000,4.0,0.00425,1e-05,0.01831,4e-05,32.0,angry,"{'sad': 31.2, 'happy': 9.4, 'fear': 21.9, 'angry': 37.5}",37.5,0.0,21.9,9.4,0.0,31.2,0.0
iG9CE55wbtY_seg001,4.0,0.00594,1e-05,0.02262,4e-05,36.0,angry,"{'sad': 22.2, 'angry': 44.4, 'fear': 30.6, 'happy': 2.8}",44.4,0.0,30.6,2.8,0.0,22.2,0.0
iG9CE55wbtY_seg002,3.0,0.00377,1e-05,0.0299,6e-05,32.0,sad,"{'sad': 43.8, 'angry': 40.6, 'neutral': 12.5, 'fear': 3.1}",40.6,0.0,3.1,0.0,12.5,43.8,0.0
iG9CE55wbtY_seg003,3.0,0.00356,1e-05,0.03292,5e-05,33.0,angry,"{'happy': 6.1, 'angry': 48.5, 'sad': 36.4, 'neutral': 3.0, 'fear': 6.1}",48.5,0.0,6.1,6.1,3.0,36.4,0.0
iG9CE55wbtY_seg004,3.0,0.00437,1e-05,0.02916,7e-05,31.0,angry,"{'sad': 32.3, 'neutral': 9.7, 'angry': 41.9, 'happy': 12.9, 'fear': 3.2}",41.9,0.0,3.2,12.9,9.7,32.3,0.0
iG9CE55wbtY_seg005,4.0,0.00454,1e-05,0.02675,5e-05,32.0,angry,"{'angry': 43.8, 'fear': 15.6, 'sad': 9.4, 'happy': 28.1, 'neutral': 3.1}",43.8,0.0,15.6,28.1,3.1,9.4,0.0
iG9CE55wbtY_seg006,4.0,0.00938,6e-05,0.02814,8e-05,32.0,angry,"{'happy': 28.1, 'sad': 18.8, 'angry': 37.5, 'fear': 6.2, 'neutral': 9.4}",37.5,0.0,6.2,28.1,9.4,18.8,0.0
iG9CE55wbtY_seg007,3.0,0.01368,5e-05,0.03683,3e-05,32.0,sad,"{'sad': 53.1, 'angry': 31.2, 'fear': 12.5, 'neutral': 3.1}",31.2,0.0,12.5,0.0,3.1,53.1,0.0
iG9CE55wbtY_seg008,3.0,0.01359,9e-05,0.03679,0.00014,38.0,sad,"{'angry': 26.3, 'sad': 36.8, 'fear': 10.5, 'neutral': 7.9, 'happy': 18.4}",26.3,0.0,10.5,18.4,7.9,36.8,0.0
iG9CE55wbtY_seg009,4.0,0.0042,1e-05,0.02846,6e-05,32.0,angry,"{'angry': 40.6, 'sad': 15.6, 'happy': 18.8, 'fear': 18.8, 'neutral': 3.1, 'disgust': 3.1}",40.6,3.1,18.8,18.8,3.1,15.6,0.0
iG9CE55wbtY_seg010,4.0,0.00524,1e-05,0.03262,4e-05,32.0,sad,"{'angry': 25.0, 'sad': 31.2, 'neutral': 6.2, 'happy': 15.6, 'fear': 21.9}",25.0,0.0,21.9,15.6,6.2,31.2,0.0
iG9CE55wbtY_seg011,4.0,0.00484,1e-05,0.03586,4e-05,35.0,angry,"{'sad': 20.0, 'angry': 57.1, 'disgust': 2.9, 'neutral': 2.9, 'happy': 17.1}",57.1,2.9,0.0,17.1,2.9,20.0,0.0
iG9CE55wbtY_seg012,4.0,0.00564,2e-05,0.02888,7e-05,31.0,angry,"{'angry': 61.3, 'sad': 12.9, 'happy': 16.1, 'fear': 9.7}",61.3,0.0,9.7,16.1,0.0,12.9,0.0
iG9CE55wbtY_seg013,3.0,0.00558,2e-05,0.03384,6e-05,38.0,angry,"{'happy': 21.1, 'angry': 52.6, 'fear': 2.6, 'sad': 23.7}",52.6,0.0,2.6,21.1,0.0,23.7,0.0
iG9CE55wbtY_seg014,4.0,0.00514,1e-05,0.02912,6e-05,31.0,angry,"{'angry': 58.1, 'sad': 19.4, 'happy': 9.7, 'fear': 6.5, 'neutral': 6.5}",58.1,0.0,6.5,9.7,6.5,19.4,0.0
iG9CE55wbtY_seg015,4.0,0.00465,1e-05,0.02728,5e-05,31.0,sad,"{'sad': 32.3, 'happy': 9.7, 'angry': 29.0, 'fear': 25.8, 'neutral': 3.2}",29.0,0.0,25.8,9.7,3.2,32.3,0.0
iG9CE55wbtY_seg016,4.0,0.00454,1e-05,0.03617,9e-05,31.0,angry,"{'angry': 67.7, 'happy': 16.1, 'fear': 6.5, 'neutral': 3.2, 'sad': 6.5}",67.7,0.0,6.5,16.1,3.2,6.5,0.0
iG9CE55wbtY_seg017,4.0,0.00414,1e-05,0.0325,5e-05,36.0,angry,"{'sad': 22.2, 'neutral': 5.6, 'angry': 58.3, 'fear': 8.3, 'happy': 5.6}",58.3,0.0,8.3,5.6,5.6,22.2,0.0
iG9CE55wbtY_seg018,4.0,0.00408,1e-05,0.02964,6e-05,32.0,happy,"{'angry': 31.2, 'happy': 37.5, 'sad': 15.6, 'fear': 9.4, 'neutral': 6.2}",31.2,0.0,9.4,37.5,6.2,15.6,0.0
iG9CE55wbtY_seg019,4.0,0.00424,1e-05,0.03932,6e-05,31.0,angry,"{'sad': 35.5, 'happy': 3.2, 'angry': 38.7, 'fear': 19.4, 'neutral': 3.2}",38.7,0.0,19.4,3.2,3.2,35.5,0.0
iG9CE55wbtY_seg020,4.0,0.00576,3e-05,0.04057,4e-05,31.0,fear,"{'fear': 32.3, 'angry': 32.3, 'neutral': 12.9, 'sad': 22.6}",32.3,0.0,32.3,0.0,12.9,22.6,0.0
iG9CE55wbtY_seg021,4.0,0.00475,1e-05,0.03747,3e-05,31.0,sad,"{'neutral': 12.9, 'happy': 19.4, 'sad': 35.5, 'angry': 22.6, 'fear': 9.7}",22.6,0.0,9.7,19.4,12.9,35.5,0.0
iG9CE55wbtY_seg022,4.0,0.01333,0.0001,0.04463,4e-05,32.0,sad,"{'fear': 21.9, 'neutral': 6.2, 'sad': 46.9, 'angry': 25.0}",25.0,0.0,21.9,0.0,6.2,46.9,0.0
iG9CE55wbtY_seg023,4.0,0.01532,6e-05,0.04841,3e-05,33.0,sad,"{'angry': 12.1, 'sad': 72.7, 'fear': 15.2}",12.1,0.0,15.2,0.0,0.0,72.7,0.0
iG9CE55wbtY_seg024,3.0,0.0112,0.0001,0.03249,0.00011,33.0,angry,"{'angry': 48.5, 'neutral': 6.1, 'sad': 30.3, 'fear': 9.1, 'surprise': 3.0, 'happy': 3.0}",48.5,0.0,9.1,3.0,6.1,30.3,3.0
iG9CE55wbtY_seg025,4.0,0.00447,1e-05,0.01807,2e-05,32.0,angry,"{'angry': 37.5, 'fear': 31.2, 'sad': 18.8, 'happy': 9.4, 'neutral': 3.1}",37.5,0.0,31.2,9.4,3.1,18.8,0.0
iG9CE55wbtY_seg026,4.0,0.00291,0.0,0.01895,2e-05,32.0,angry,"{'fear': 21.9, 'sad': 31.2, 'angry': 40.6, 'neutral': 3.1, 'surprise': 3.1}",40.6,0.0,21.9,0.0,3.1,31.2,3.1
iG9CE55wbtY_seg027,4.0,0.00289,1e-05,0.02025,2e-05,31.0,angry,"{'sad': 35.5, 'happy': 6.5, 'fear': 9.7, 'angry': 48.4}",48.4,0.0,9.7,6.5,0.0,35.5,0.0
iG9CE55wbtY_seg028,3.0,0.00528,1e-05,0.02822,9e-05,32.0,angry,"{'fear': 6.2, 'sad': 21.9, 'angry': 56.2, 'neutral': 6.2, 'happy': 9.4}",56.2,0.0,6.2,9.4,6.2,21.9,0.0
iG9CE55wbtY_seg029,4.0,0.00469,1e-05,0.03609,7e-05,31.0,angry,"{'sad': 9.7, 'fear': 19.4, 'angry': 58.1, 'happy': 9.7, 'surprise': 3.2}",58.1,0.0,19.4,9.7,0.0,9.7,3.2
iG9CE55wbtY_seg030,4.0,0.00427,1e-05,0.03261,0.00011,30.0,angry,"{'angry': 40.0, 'fear': 13.3, 'sad': 26.7, 'happy': 16.7, 'neutral': 3.3}",40.0,0.0,13.3,16.7,3.3,26.7,0.0
iG9CE55wbtY_seg031,4.0,0.00904,6e-05,0.03252,8e-05,31.0,angry,"{'angry': 35.5, 'fear': 22.6, 'sad': 22.6, 'happy': 16.1, 'neutral': 3.2}",35.5,0.0,22.6,16.1,3.2,22.6,0.0
iG9CE55wbtY_seg032,4.0,0.00416,1e-05,0.0365,7e-05,32.0,angry,"{'happy': 12.5, 'angry': 46.9, 'sad': 31.2, 'fear': 6.2, 'neutral': 3.1}",46.9,0.0,6.2,12.5,3.1,31.2,0.0
jMVAgCPYYHY_seg000,3.0,0.01061,9e-05,0.02551,0.00014,28.0,neutral,"{'happy': 28.6, 'neutral': 46.4, 'sad': 14.3, 'fear': 7.1, 'angry': 3.6}",3.6,0.0,7.1,28.6,46.4,14.3,0.0
jMVAgCPYYHY_seg001,2.0,0.01255,0.00011,0.02423,5e-05,27.0,sad,"{'neutral': 18.5, 'happy': 22.2, 'angry': 7.4, 'sad': 29.6, 'fear': 22.2}",7.4,0.0,22.2,22.2,18.5,29.6,0.0
jMVAgCPYYHY_seg002,2.0,0.01066,7e-05,0.02408,5e-05,25.0,neutral,"{'neutral': 36.0, 'happy': 24.0, 'fear': 12.0, 'angry': 8.0, 'sad': 20.0}",8.0,0.0,12.0,24.0,36.0,20.0,0.0
jMVAgCPYYHY_seg003,1.0,0.01731,0.00024,0.03121,0.00017,25.0,sad,"{'sad': 36.0, 'neutral': 20.0, 'angry': 12.0, 'fear': 12.0, 'happy': 20.0}",12.0,0.0,12.0,20.0,20.0,36.0,0.0
jMVAgCPYYHY_seg006,2.0,0.01364,0.00012,0.027,9e-05,26.0,happy,"{'angry': 19.2, 'sad': 19.2, 'neutral': 23.1, 'happy': 30.8, 'fear': 7.7}",19.2,0.0,7.7,30.8,23.1,19.2,0.0
jMVAgCPYYHY_seg007,2.0,0.00861,7e-05,0.02238,3e-05,25.0,fear,"{'angry': 12.0, 'fear': 28.0, 'happy': 24.0, 'sad': 16.0, 'neutral': 16.0, 'surprise': 4.0}",12.0,0.0,28.0,24.0,16.0,16.0,4.0
jMVAgCPYYHY_seg008,1.0,0.01118,0.00015,0.02454,8e-05,26.0,sad,"{'sad': 34.6, 'angry': 19.2, 'neutral': 23.1, 'happy': 19.2, 'fear': 3.8}",19.2,0.0,3.8,19.2,23.1,34.6,0.0
jMVAgCPYYHY_seg009,2.0,0.00795,5e-05,0.02111,2e-05,25.0,happy,"{'happy': 32.0, 'sad': 28.0, 'neutral': 28.0, 'angry': 12.0}",12.0,0.0,0.0,32.0,28.0,28.0,0.0
jMVAgCPYYHY_seg010,3.0,0.01875,0.00023,0.03454,0.00012,25.0,neutral,"{'sad': 24.0, 'happy': 8.0, 'fear': 8.0, 'angry': 24.0, 'neutral': 36.0}",24.0,0.0,8.0,8.0,36.0,24.0,0.0
jMVAgCPYYHY_seg011,2.0,0.01619,0.0002,0.03311,0.0001,26.0,happy,"{'happy': 30.8, 'neutral': 23.1, 'fear': 19.2, 'sad': 19.2, 'angry': 7.7}",7.7,0.0,19.2,30.8,23.1,19.2,0.0
jMVAgCPYYHY_seg014,2.0,0.01288,0.00015,0.02832,2e-05,25.0,happy,"{'happy': 28.0, 'sad': 16.0, 'neutral': 8.0, 'angry': 28.0, 'surprise': 4.0, 'fear': 16.0}",28.0,0.0,16.0,28.0,8.0,16.0,4.0
jMVAgCPYYHY_seg015,2.0,0.01522,0.00019,0.02835,0.00012,27.0,neutral,"{'happy': 11.1, 'neutral': 37.0, 'fear': 3.7, 'sad': 33.3, 'disgust': 3.7, 'angry': 11.1}",11.1,3.7,3.7,11.1,37.0,33.3,0.0
jMVAgCPYYHY_seg016,2.0,0.01673,0.00032,0.03186,9e-05,25.0,sad,"{'sad': 24.0, 'neutral': 24.0, 'angry': 24.0, 'fear': 24.0, 'happy': 4.0}",24.0,0.0,24.0,4.0,24.0,24.0,0.0
jQ95xlZeHo8_seg000,3.0,0.0054,1e-05,0.0135,0.0,31.0,neutral,"{'happy': 3.2, 'neutral': 64.5, 'sad': 22.6, 'fear': 9.7}",0.0,0.0,9.7,3.2,64.5,22.6,0.0
jQ95xlZeHo8_seg001,3.0,0.00636,2e-05,0.01466,0.0,34.0,neutral,"{'neutral': 32.4, 'happy': 32.4, 'sad': 32.4, 'fear': 2.9}",0.0,0.0,2.9,32.4,32.4,32.4,0.0
jQ95xlZeHo8_seg002,3.0,0.0068,3e-05,0.01391,0.0,36.0,sad,"{'sad': 41.7, 'angry': 25.0, 'neutral': 8.3, 'happy': 8.3, 'fear': 13.9, 'surprise': 2.8}",25.0,0.0,13.9,8.3,8.3,41.7,2.8
jQ95xlZeHo8_seg003,3.0,0.0,0.0,0.0,0.0,31.0,sad,"{'fear': 25.8, 'sad': 64.5, 'happy': 9.7}",0.0,0.0,25.8,9.7,0.0,64.5,0.0
jQ95xlZeHo8_seg004,3.0,0.00723,2e-05,0.01595,0.0,31.0,sad,"{'happy': 9.7, 'neutral': 38.7, 'sad': 41.9, 'angry': 9.7}",9.7,0.0,0.0,9.7,38.7,41.9,0.0
jQ95xlZeHo8_seg005,2.0,0.00711,5e-05,0.01495,1e-05,31.0,happy,"{'happy': 32.3, 'angry': 3.2, 'neutral': 29.0, 'sad': 25.8, 'fear': 9.7}",3.2,0.0,9.7,32.3,29.0,25.8,0.0
jQ95xlZeHo8_seg006,2.0,0.00299,1e-05,0.0165,0.0,32.0,sad,"{'sad': 53.1, 'happy': 6.2, 'fear': 12.5, 'neutral': 12.5, 'angry': 15.6}",15.6,0.0,12.5,6.2,12.5,53.1,0.0
jQ95xlZeHo8_seg007,3.0,0.0066,3e-05,0.01507,0.0,34.0,angry,"{'sad': 8.8, 'neutral': 8.8, 'angry': 50.0, 'happy': 8.8, 'fear': 23.5}",50.0,0.0,23.5,8.8,8.8,8.8,0.0
jQ95xlZeHo8_seg008,2.0,0.00351,1e-05,0.01706,0.0,33.0,sad,"{'sad': 63.6, 'angry': 27.3, 'surprise': 3.0, 'neutral': 6.1}",27.3,0.0,0.0,0.0,6.1,63.6,3.0
jQ95xlZeHo8_seg009,3.0,0.00522,2e-05,0.01658,0.0,31.0,neutral,"{'sad': 41.9, 'neutral': 45.2, 'happy': 6.5, 'angry': 6.5}",6.5,0.0,0.0,6.5,45.2,41.9,0.0
Ks-_Mh1QhMc_seg000,3.0,0.01942,0.00016,0.02802,2e-05,26.0,fear,"{'sad': 19.2, 'fear': 30.8, 'angry': 11.5, 'neutral': 23.1, 'happy': 15.4}",11.5,0.0,30.8,15.4,23.1,19.2,0.0
Ks-_Mh1QhMc_seg003,1.0,0.01174,4e-05,0.01681,1e-05,27.0,sad,"{'fear': 18.5, 'happy': 33.3, 'sad': 44.4, 'neutral': 3.7}",0.0,0.0,18.5,33.3,3.7,44.4,0.0
Ks-_Mh1QhMc_seg004,3.0,0.01081,3e-05,0.0163,1e-05,27.0,sad,"{'happy': 25.9, 'sad': 33.3, 'fear': 25.9, 'neutral': 7.4, 'angry': 7.4}",7.4,0.0,25.9,25.9,7.4,33.3,0.0
Ks-_Mh1QhMc_seg005,2.0,0.02841,0.00035,0.04106,0.00012,26.0,neutral,"{'neutral': 38.5, 'fear': 15.4, 'angry': 11.5, 'sad': 15.4, 'happy': 15.4, 'surprise': 3.8}",11.5,0.0,15.4,15.4,38.5,15.4,3.8
Ks-_Mh1QhMc_seg006,2.0,0.01094,4e-05,0.01648,0.0,26.0,happy,"{'happy': 34.6, 'sad': 34.6, 'fear': 7.7, 'angry': 11.5, 'neutral': 11.5}",11.5,0.0,7.7,34.6,11.5,34.6,0.0
Ks-_Mh1QhMc_seg009,3.0,0.01122,5e-05,0.01548,1e-05,27.0,angry,"{'angry': 33.3, 'sad': 29.6, 'neutral': 3.7, 'fear': 18.5, 'happy': 14.8}",33.3,0.0,18.5,14.8,3.7,29.6,0.0
Ks-_Mh1QhMc_seg010,2.0,0.01094,4e-05,0.0172,1e-05,27.0,happy,"{'sad': 25.9, 'happy': 29.6, 'fear': 22.2, 'neutral': 18.5, 'angry': 3.7}",3.7,0.0,22.2,29.6,18.5,25.9,0.0
Ks-_Mh1QhMc_seg011,2.0,0.01026,4e-05,0.01682,1e-05,27.0,neutral,"{'happy': 22.2, 'neutral': 29.6, 'fear': 11.1, 'angry': 11.1, 'sad': 25.9}",11.1,0.0,11.1,22.2,29.6,25.9,0.0
Ks-_Mh1QhMc_seg013,1.0,0.02165,0.00029,0.04015,0.00028,27.0,fear,"{'fear': 44.4, 'sad': 22.2, 'happy': 29.6, 'angry': 3.7}",3.7,0.0,44.4,29.6,0.0,22.2,0.0
Ks-_Mh1QhMc_seg014,2.0,0.02115,0.00024,0.04645,5e-05,26.0,sad,"{'neutral': 23.1, 'sad': 30.8, 'fear': 7.7, 'angry': 26.9, 'happy': 11.5}",26.9,0.0,7.7,11.5,23.1,30.8,0.0
Ks-_Mh1QhMc_seg015,1.0,0.02198,0.00025,0.04496,5e-05,28.0,fear,"{'happy': 14.3, 'sad': 32.1, 'fear': 42.9, 'angry': 3.6, 'surprise': 3.6, 'neutral': 3.6}",3.6,0.0,42.9,14.3,3.6,32.1,3.6
Ks-_Mh1QhMc_seg016,3.0,0.01174,5e-05,0.01683,1e-05,27.0,sad,"{'sad': 33.3, 'happy': 22.2, 'fear': 22.2, 'neutral': 11.1, 'angry': 11.1}",11.1,0.0,22.2,22.2,11.1,33.3,0.0
Ks-_Mh1QhMc_seg017,2.0,0.02929,0.0004,0.04624,5e-05,27.0,sad,"{'angry': 3.7, 'sad': 33.3, 'happy': 22.2, 'surprise': 11.1, 'neutral': 18.5, 'fear': 11.1}",3.7,0.0,11.1,22.2,18.5,33.3,11.1
Ks-_Mh1QhMc_seg021,2.0,0.0,0.0,0.0,0.0,27.0,neutral,"{'sad': 7.4, 'happy': 18.5, 'neutral': 48.1, 'fear': 11.1, 'angry': 14.8}",14.8,0.0,11.1,18.5,48.1,7.4,0.0
Ks-_Mh1QhMc_seg022,2.0,0.02135,0.00024,0.04122,5e-05,27.0,angry,"{'angry': 48.1, 'sad': 25.9, 'fear': 7.4, 'happy': 14.8, 'neutral': 3.7}",48.1,0.0,7.4,14.8,3.7,25.9,0.0
Ks-_Mh1QhMc_seg023,2.0,0.02255,0.00023,0.04197,5e-05,27.0,sad,"{'sad': 44.4, 'happy': 14.8, 'fear': 18.5, 'neutral': 22.2}",0.0,0.0,18.5,14.8,22.2,44.4,0.0
Ks-_Mh1QhMc_seg024,2.0,0.00712,1e-05,0.02969,0.00015,27.0,sad,"{'sad': 48.1, 'happy': 3.7, 'neutral': 29.6, 'angry': 11.1, 'fear': 7.4}",11.1,0.0,7.4,3.7,29.6,48.1,0.0
Ks-_Mh1QhMc_seg026,2.0,0.01432,7e-05,0.01653,1e-05,26.0,sad,"{'angry': 7.7, 'sad': 53.8, 'happy': 15.4, 'neutral': 15.4, 'fear': 7.7}",7.7,0.0,7.7,15.4,15.4,53.8,0.0
Ks-_Mh1QhMc_seg027,3.0,0.01256,4e-05,0.01641,1e-05,26.0,sad,"{'sad': 65.4, 'angry': 11.5, 'neutral': 7.7, 'fear': 15.4}",11.5,0.0,15.4,0.0,7.7,65.4,0.0
Ks-_Mh1QhMc_seg028,2.0,0.02251,0.00034,0.03603,0.00017,26.0,sad,"{'happy': 26.9, 'fear': 11.5, 'sad': 34.6, 'angry': 7.7, 'neutral': 15.4, 'surprise': 3.8}",7.7,0.0,11.5,26.9,15.4,34.6,3.8
Ks-_Mh1QhMc_seg029,3.0,0.03238,0.00051,0.05617,7e-05,27.0,sad,"{'happy': 22.2, 'neutral': 22.2, 'sad': 33.3, 'fear': 14.8, 'angry': 3.7, 'surprise': 3.7}",3.7,0.0,14.8,22.2,22.2,33.3,3.7
Ks-_Mh1QhMc_seg030,3.0,0.03692,0.00067,0.05692,0.00011,26.0,neutral,"{'fear': 19.2, 'neutral': 34.6, 'sad': 26.9, 'happy': 15.4, 'surprise': 3.8}",0.0,0.0,19.2,15.4,34.6,26.9,3.8
Ks-_Mh1QhMc_seg031,3.0,0.04541,0.00081,0.05677,7e-05,26.0,fear,"{'neutral': 11.5, 'fear': 57.7, 'happy': 15.4, 'sad': 11.5, 'angry': 3.8}",3.8,0.0,57.7,15.4,11.5,11.5,0.0
Ks-_Mh1QhMc_seg032,0.0,0.0381,0.00061,0.04719,0.00029,26.0,sad,"{'sad': 34.6, 'fear': 23.1, 'happy': 19.2, 'neutral': 19.2, 'surprise': 3.8}",0.0,0.0,23.1,19.2,19.2,34.6,3.8
Ks-_Mh1QhMc_seg033,0.0,0.04753,0.00088,0.05346,9e-05,27.0,happy,"{'happy': 44.4, 'sad': 22.2, 'neutral': 22.2, 'fear': 11.1}",0.0,0.0,11.1,44.4,22.2,22.2,0.0
Ks-_Mh1QhMc_seg035,3.0,0.0364,0.00051,0.0535,6e-05,27.0,sad,"{'sad': 37.0, 'happy': 18.5, 'neutral': 22.2, 'angry': 7.4, 'fear': 14.8}",7.4,0.0,14.8,18.5,22.2,37.0,0.0
ldq6wKtQzU8_seg001,3.0,0.00707,3e-05,0.01706,4e-05,26.0,sad,"{'fear': 23.1, 'sad': 38.5, 'neutral': 26.9, 'angry': 3.8, 'happy': 7.7}",3.8,0.0,23.1,7.7,26.9,38.5,0.0
ldq6wKtQzU8_seg002,2.0,0.00784,5e-05,0.02039,8e-05,26.0,fear,"{'fear': 38.5, 'neutral': 38.5, 'surprise': 3.8, 'happy': 15.4, 'sad': 3.8}",0.0,0.0,38.5,15.4,38.5,3.8,3.8
ldq6wKtQzU8_seg003,3.0,0.0088,5e-05,0.02733,4e-05,30.0,fear,"{'fear': 63.3, 'neutral': 33.3, 'sad': 3.3}",0.0,0.0,63.3,0.0,33.3,3.3,0.0
ldq6wKtQzU8_seg004,4.0,0.00692,3e-05,0.02194,5e-05,26.0,neutral,"{'fear': 34.6, 'neutral': 38.5, 'sad': 23.1, 'surprise': 3.8}",0.0,0.0,34.6,0.0,38.5,23.1,3.8
ldq6wKtQzU8_seg005,3.0,0.00802,3e-05,0.02415,4e-05,25.0,neutral,"{'happy': 12.0, 'surprise': 16.0, 'sad': 8.0, 'fear': 24.0, 'neutral': 40.0}",0.0,0.0,24.0,12.0,40.0,8.0,16.0
ldq6wKtQzU8_seg006,3.0,0.00932,5e-05,0.02301,4e-05,28.0,neutral,"{'fear': 25.0, 'sad': 17.9, 'neutral': 42.9, 'disgust': 3.6, 'surprise': 7.1, 'angry': 3.6}",3.6,3.6,25.0,0.0,42.9,17.9,7.1
ldq6wKtQzU8_seg007,3.0,0.01035,5e-05,0.02444,3e-05,27.0,fear,"{'neutral': 25.9, 'fear': 51.9, 'sad': 18.5, 'happy': 3.7}",0.0,0.0,51.9,3.7,25.9,18.5,0.0
ldq6wKtQzU8_seg008,2.0,0.00789,4e-05,0.02296,4e-05,25.0,fear,"{'fear': 56.0, 'neutral': 20.0, 'sad': 20.0, 'surprise': 4.0}",0.0,0.0,56.0,0.0,20.0,20.0,4.0
ldq6wKtQzU8_seg009,2.0,0.00624,2e-05,0.0264,4e-05,25.0,sad,"{'sad': 40.0, 'fear': 32.0, 'neutral': 16.0, 'happy': 4.0, 'surprise': 8.0}",0.0,0.0,32.0,4.0,16.0,40.0,8.0
ldq6wKtQzU8_seg010,2.0,0.00866,4e-05,0.02241,3e-05,25.0,fear,"{'fear': 40.0, 'neutral': 12.0, 'sad': 40.0, 'happy': 8.0}",0.0,0.0,40.0,8.0,12.0,40.0,0.0
ldq6wKtQzU8_seg012,2.0,0.01024,8e-05,0.02598,4e-05,26.0,fear,"{'sad': 19.2, 'neutral': 30.8, 'fear': 46.2, 'surprise': 3.8}",0.0,0.0,46.2,0.0,30.8,19.2,3.8
nn5k4snG3rA_seg000,3.0,0.00445,1e-05,0.01208,2e-05,31.0,sad,"{'sad': 45.2, 'neutral': 19.4, 'happy': 19.4, 'fear': 9.7, 'surprise': 3.2, 'angry': 3.2}",3.2,0.0,9.7,19.4,19.4,45.2,3.2
nn5k4snG3rA_seg001,4.0,0.00333,1e-05,0.00922,0.0,32.0,neutral,"{'sad': 28.1, 'neutral': 34.4, 'happy': 21.9, 'fear': 15.6}",0.0,0.0,15.6,21.9,34.4,28.1,0.0
nn5k4snG3rA_seg002,3.0,0.00307,1e-05,0.00869,0.0,32.0,sad,"{'sad': 40.6, 'neutral': 18.8, 'surprise': 28.1, 'fear': 9.4, 'happy': 3.1}",0.0,0.0,9.4,3.1,18.8,40.6,28.1
nn5k4snG3rA_seg003,4.0,0.00628,2e-05,0.01536,1e-05,33.0,sad,"{'neutral': 21.2, 'angry': 3.0, 'happy': 30.3, 'sad': 36.4, 'surprise': 3.0, 'fear': 6.1}",3.0,0.0,6.1,30.3,21.2,36.4,3.0
nn5k4snG3rA_seg004,3.0,0.00631,2e-05,0.01506,0.0,31.0,neutral,"{'sad': 35.5, 'neutral': 41.9, 'happy': 12.9, 'fear': 9.7}",0.0,0.0,9.7,12.9,41.9,35.5,0.0
nn5k4snG3rA_seg005,4.0,0.00849,3e-05,0.01574,1e-05,31.0,happy,"{'happy': 32.3, 'neutral': 16.1, 'sad': 32.3, 'fear': 19.4}",0.0,0.0,19.4,32.3,16.1,32.3,0.0
nn5k4snG3rA_seg006,3.0,0.00688,2e-05,0.01539,0.0,31.0,sad,"{'sad': 32.3, 'neutral': 29.0, 'happy': 29.0, 'fear': 9.7}",0.0,0.0,9.7,29.0,29.0,32.3,0.0
nn5k4snG3rA_seg007,3.0,0.00594,2e-05,0.01525,1e-05,31.0,sad,"{'happy': 6.5, 'neutral': 25.8, 'sad': 58.1, 'fear': 9.7}",0.0,0.0,9.7,6.5,25.8,58.1,0.0
nn5k4snG3rA_seg008,4.0,0.00628,2e-05,0.01574,0.0,32.0,sad,"{'sad': 65.6, 'happy': 15.6, 'neutral': 15.6, 'fear': 3.1}",0.0,0.0,3.1,15.6,15.6,65.6,0.0
nn5k4snG3rA_seg009,3.0,0.00511,1e-05,0.01621,1e-05,31.0,neutral,"{'neutral': 35.5, 'happy': 22.6, 'sad': 35.5, 'fear': 6.5}",0.0,0.0,6.5,22.6,35.5,35.5,0.0
nn5k4snG3rA_seg010,3.0,0.00471,3e-05,0.01072,3e-05,31.0,sad,"{'neutral': 29.0, 'sad': 48.4, 'happy': 19.4, 'fear': 3.2}",0.0,0.0,3.2,19.4,29.0,48.4,0.0
nn5k4snG3rA_seg011,4.0,0.00477,1e-05,0.01595,1e-05,32.0,sad,"{'sad': 75.0, 'neutral': 18.8, 'fear': 6.2}",0.0,0.0,6.2,0.0,18.8,75.0,0.0
nn5k4snG3rA_seg012,4.0,0.00405,1e-05,0.01392,0.0,31.0,sad,"{'sad': 77.4, 'neutral': 19.4, 'happy': 3.2}",0.0,0.0,0.0,3.2,19.4,77.4,0.0
nn5k4snG3rA_seg013,4.0,0.00502,1e-05,0.0138,1e-05,32.0,sad,"{'sad': 46.9, 'neutral': 28.1, 'happy': 9.4, 'fear': 9.4, 'angry': 6.2}",6.2,0.0,9.4,9.4,28.1,46.9,0.0
nn5k4snG3rA_seg014,3.0,0.00414,1e-05,0.01385,1e-05,33.0,fear,"{'neutral': 18.2, 'happy': 15.2, 'sad': 24.2, 'fear': 42.4}",0.0,0.0,42.4,15.2,18.2,24.2,0.0
nn5k4snG3rA_seg015,4.0,0.00574,2e-05,0.01325,1e-05,31.0,sad,"{'sad': 67.7, 'happy': 19.4, 'neutral': 9.7, 'surprise': 3.2}",0.0,0.0,0.0,19.4,9.7,67.7,3.2
nn5k4snG3rA_seg016,4.0,0.0045,1e-05,0.01301,0.0,33.0,sad,"{'happy': 15.2, 'neutral': 33.3, 'sad': 36.4, 'angry': 3.0, 'fear': 12.1}",3.0,0.0,12.1,15.2,33.3,36.4,0.0
nn5k4snG3rA_seg017,3.0,0.00403,1e-05,0.01173,0.0,34.0,sad,"{'happy': 29.4, 'sad': 41.2, 'fear': 8.8, 'neutral': 20.6}",0.0,0.0,8.8,29.4,20.6,41.2,0.0
nn5k4snG3rA_seg018,3.0,0.00574,1e-05,0.01739,1e-05,33.0,sad,"{'happy': 9.1, 'sad': 48.5, 'neutral': 6.1, 'fear': 33.3, 'surprise': 3.0}",0.0,0.0,33.3,9.1,6.1,48.5,3.0
nn5k4snG3rA_seg019,3.0,0.00542,1e-05,0.01773,1e-05,32.0,sad,"{'sad': 78.1, 'neutral': 12.5, 'fear': 6.2, 'happy': 3.1}",0.0,0.0,6.2,3.1,12.5,78.1,0.0
nn5k4snG3rA_seg020,3.0,0.00456,1e-05,0.01478,1e-05,31.0,sad,"{'sad': 48.4, 'fear': 16.1, 'neutral': 19.4, 'happy': 12.9, 'surprise': 3.2}",0.0,0.0,16.1,12.9,19.4,48.4,3.2
nn5k4snG3rA_seg021,3.0,0.00468,1e-05,0.01213,0.0,32.0,sad,"{'fear': 12.5, 'happy': 15.6, 'sad': 46.9, 'neutral': 25.0}",0.0,0.0,12.5,15.6,25.0,46.9,0.0
nn5k4snG3rA_seg022,3.0,0.00584,2e-05,0.0121,0.0,32.0,sad,"{'happy': 15.6, 'fear': 15.6, 'sad': 43.8, 'neutral': 25.0}",0.0,0.0,15.6,15.6,25.0,43.8,0.0
nn5k4snG3rA_seg023,4.0,0.00519,2e-05,0.01254,0.0,33.0,sad,"{'sad': 60.6, 'neutral': 33.3, 'fear': 3.0, 'angry': 3.0}",3.0,0.0,3.0,0.0,33.3,60.6,0.0
nn5k4snG3rA_seg024,3.0,0.00406,1e-05,0.01454,1e-05,32.0,sad,"{'neutral': 31.2, 'sad': 46.9, 'fear': 9.4, 'happy': 6.2, 'angry': 6.2}",6.2,0.0,9.4,6.2,31.2,46.9,0.0
nn5k4snG3rA_seg025,3.0,0.00313,1e-05,0.01225,0.0,31.0,neutral,"{'sad': 22.6, 'happy': 6.5, 'neutral': 71.0}",0.0,0.0,0.0,6.5,71.0,22.6,0.0
nn5k4snG3rA_seg026,3.0,0.0,0.0,0.0,0.0,31.0,neutral,"{'neutral': 58.1, 'sad': 22.6, 'happy': 9.7, 'fear': 9.7}",0.0,0.0,9.7,9.7,58.1,22.6,0.0
nn5k4snG3rA_seg028,4.0,0.00392,1e-05,0.01087,1e-05,33.0,sad,"{'sad': 42.4, 'fear': 15.2, 'neutral': 30.3, 'happy': 12.1}",0.0,0.0,15.2,12.1,30.3,42.4,0.0
nn5k4snG3rA_seg029,3.0,0.00316,1e-05,0.009,0.0,32.0,sad,"{'fear': 6.2, 'sad': 53.1, 'neutral': 31.2, 'happy': 9.4}",0.0,0.0,6.2,9.4,31.2,53.1,0.0
nn5k4snG3rA_seg030,3.0,0.00339,1e-05,0.00975,0.0,31.0,sad,"{'neutral': 35.5, 'sad': 41.9, 'fear': 6.5, 'happy': 16.1}",0.0,0.0,6.5,16.1,35.5,41.9,0.0
nn5k4snG3rA_seg031,3.0,0.00286,1e-05,0.00969,0.0,31.0,sad,"{'happy': 29.0, 'neutral': 25.8, 'sad': 32.3, 'surprise': 6.5, 'fear': 3.2, 'angry': 3.2}",3.2,0.0,3.2,29.0,25.8,32.3,6.5
P_6vDLq64gE_seg000,3.0,0.00847,5e-05,0.02616,7e-05,26.0,sad,"{'sad': 30.8, 'happy': 3.8, 'fear': 30.8, 'neutral': 30.8, 'angry': 3.8}",3.8,0.0,30.8,3.8,30.8,30.8,0.0
P_6vDLq64gE_seg001,2.0,0.01046,0.00021,0.02099,7e-05,26.0,neutral,"{'sad': 19.2, 'neutral': 57.7, 'fear': 19.2, 'happy': 3.8}",0.0,0.0,19.2,3.8,57.7,19.2,0.0
P_6vDLq64gE_seg002,3.0,0.01274,8e-05,0.03549,2e-05,27.0,sad,"{'fear': 14.8, 'neutral': 18.5, 'sad': 55.6, 'angry': 3.7, 'surprise': 3.7, 'happy': 3.7}",3.7,0.0,14.8,3.7,18.5,55.6,3.7
P_6vDLq64gE_seg003,4.0,0.01826,0.00017,0.03836,3e-05,27.0,happy,"{'sad': 18.5, 'fear': 33.3, 'angry': 3.7, 'neutral': 7.4, 'happy': 37.0}",3.7,0.0,33.3,37.0,7.4,18.5,0.0
P_6vDLq64gE_seg004,3.0,0.01509,0.00013,0.03562,4e-05,27.0,sad,"{'sad': 29.6, 'fear': 25.9, 'neutral': 18.5, 'surprise': 3.7, 'happy': 18.5, 'angry': 3.7}",3.7,0.0,25.9,18.5,18.5,29.6,3.7
P_6vDLq64gE_seg006,3.0,0.0148,0.0002,0.03706,0.00031,27.0,fear,"{'fear': 44.4, 'happy': 11.1, 'angry': 11.1, 'sad': 18.5, 'neutral': 14.8}",11.1,0.0,44.4,11.1,14.8,18.5,0.0
P_6vDLq64gE_seg007,4.0,0.01243,0.00016,0.03399,0.00026,28.0,neutral,"{'neutral': 60.7, 'sad': 25.0, 'happy': 3.6, 'fear': 7.1, 'angry': 3.6}",3.6,0.0,7.1,3.6,60.7,25.0,0.0
P_6vDLq64gE_seg009,3.0,0.01892,0.00012,0.04786,1e-05,26.0,neutral,"{'neutral': 50.0, 'sad': 23.1, 'fear': 26.9}",0.0,0.0,26.9,0.0,50.0,23.1,0.0
P_6vDLq64gE_seg012,4.0,0.0188,0.00014,0.03213,0.00022,27.0,sad,"{'neutral': 29.6, 'happy': 11.1, 'angry': 7.4, 'fear': 18.5, 'sad': 33.3}",7.4,0.0,18.5,11.1,29.6,33.3,0.0
P_6vDLq64gE_seg014,3.0,0.01713,0.0002,0.03459,0.00029,28.0,neutral,"{'fear': 10.7, 'neutral': 46.4, 'sad': 32.1, 'happy': 7.1, 'disgust': 3.6}",0.0,3.6,10.7,7.1,46.4,32.1,0.0
P_6vDLq64gE_seg015,3.0,0.01345,0.00021,0.03401,0.00038,26.0,angry,"{'neutral': 11.5, 'sad': 26.9, 'happy': 3.8, 'fear': 15.4, 'angry': 42.3}",42.3,0.0,15.4,3.8,11.5,26.9,0.0
P_6vDLq64gE_seg018,3.0,0.0146,0.00023,0.03221,0.00025,27.0,sad,"{'sad': 51.9, 'neutral': 3.7, 'fear': 37.0, 'surprise': 3.7, 'angry': 3.7}",3.7,0.0,37.0,0.0,3.7,51.9,3.7
P_6vDLq64gE_seg019,3.0,0.01628,8e-05,0.03545,3e-05,27.0,sad,"{'neutral': 18.5, 'surprise': 7.4, 'angry': 3.7, 'sad': 37.0, 'fear': 33.3}",3.7,0.0,33.3,0.0,18.5,37.0,7.4
P_6vDLq64gE_seg020,3.0,0.01447,0.00018,0.04129,5e-05,26.0,sad,"{'neutral': 26.9, 'fear': 19.2, 'sad': 53.8}",0.0,0.0,19.2,0.0,26.9,53.8,0.0
P_6vDLq64gE_seg022,2.0,0.01576,0.00014,0.03422,0.0001,25.0,sad,"{'fear': 20.0, 'sad': 44.0, 'neutral': 16.0, 'disgust': 4.0, 'angry': 16.0}",16.0,4.0,20.0,0.0,16.0,44.0,0.0
P_6vDLq64gE_seg024,4.0,0.01516,0.00028,0.03674,0.0006,26.0,sad,"{'fear': 23.1, 'neutral': 26.9, 'sad': 46.2, 'angry': 3.8}",3.8,0.0,23.1,0.0,26.9,46.2,0.0
P_6vDLq64gE_seg025,3.0,0.0115,0.0002,0.02707,0.00038,26.0,sad,"{'sad': 69.2, 'neutral': 7.7, 'angry': 3.8, 'happy': 3.8, 'fear': 15.4}",3.8,0.0,15.4,3.8,7.7,69.2,0.0
P_6vDLq64gE_seg029,3.0,0.00917,0.0001,0.03156,0.00011,27.0,sad,"{'happy': 11.1, 'fear': 37.0, 'sad': 40.7, 'neutral': 7.4, 'angry': 3.7}",3.7,0.0,37.0,11.1,7.4,40.7,0.0
P_6vDLq64gE_seg030,4.0,0.01226,0.0001,0.034,0.00022,28.0,fear,"{'sad': 25.0, 'fear': 39.3, 'neutral': 28.6, 'angry': 7.1}",7.1,0.0,39.3,0.0,28.6,25.0,0.0
P_6vDLq64gE_seg031,4.0,0.01312,0.00015,0.02932,0.00018,26.0,sad,"{'neutral': 15.4, 'sad': 42.3, 'happy': 3.8, 'fear': 38.5}",0.0,0.0,38.5,3.8,15.4,42.3,0.0
Q80MfH7xPPE_seg000,3.0,0.00777,2e-05,0.02414,1e-05,26.0,sad,"{'happy': 23.1, 'fear': 19.2, 'neutral': 3.8, 'sad': 42.3, 'angry': 7.7, 'disgust': 3.8}",7.7,3.8,19.2,23.1,3.8,42.3,0.0
Q80MfH7xPPE_seg001,3.0,0.00891,3e-05,0.02277,1e-05,27.0,fear,"{'sad': 29.6, 'happy': 11.1, 'fear': 44.4, 'neutral': 7.4, 'angry': 7.4}",7.4,0.0,44.4,11.1,7.4,29.6,0.0
Q80MfH7xPPE_seg002,3.0,0.00613,3e-05,0.01913,1e-05,26.0,sad,"{'sad': 38.5, 'happy': 26.9, 'angry': 3.8, 'fear': 7.7, 'neutral': 23.1}",3.8,0.0,7.7,26.9,23.1,38.5,0.0
Q80MfH7xPPE_seg003,3.0,0.00896,3e-05,0.02126,1e-05,26.0,sad,"{'happy': 19.2, 'sad': 38.5, 'fear': 15.4, 'angry': 23.1, 'surprise': 3.8}",23.1,0.0,15.4,19.2,0.0,38.5,3.8
Q80MfH7xPPE_seg004,2.0,0.00703,2e-05,0.02054,1e-05,26.0,fear,"{'happy': 26.9, 'sad': 23.1, 'fear': 34.6, 'angry': 3.8, 'neutral': 11.5}",3.8,0.0,34.6,26.9,11.5,23.1,0.0
Q80MfH7xPPE_seg005,3.0,0.00652,1e-05,0.02066,1e-05,27.0,fear,"{'angry': 7.4, 'fear': 29.6, 'neutral': 14.8, 'happy': 11.1, 'surprise': 7.4, 'sad': 29.6}",7.4,0.0,29.6,11.1,14.8,29.6,7.4
Q80MfH7xPPE_seg006,2.0,0.00729,2e-05,0.02143,1e-05,26.0,sad,"{'angry': 15.4, 'fear': 11.5, 'neutral': 19.2, 'sad': 46.2, 'happy': 3.8, 'surprise': 3.8}",15.4,0.0,11.5,3.8,19.2,46.2,3.8
Q80MfH7xPPE_seg007,3.0,0.00783,3e-05,0.02161,1e-05,26.0,happy,"{'sad': 26.9, 'happy': 38.5, 'fear': 23.1, 'angry': 7.7, 'neutral': 3.8}",7.7,0.0,23.1,38.5,3.8,26.9,0.0
Q80MfH7xPPE_seg008,3.0,0.00831,3e-05,0.02169,1e-05,27.0,sad,"{'sad': 40.7, 'neutral': 14.8, 'happy': 33.3, 'surprise': 3.7, 'fear': 7.4}",0.0,0.0,7.4,33.3,14.8,40.7,3.7
Q80MfH7xPPE_seg009,2.0,0.00819,2e-05,0.02101,1e-05,25.0,sad,"{'happy': 16.0, 'sad': 56.0, 'fear': 20.0, 'disgust': 4.0, 'neutral': 4.0}",0.0,4.0,20.0,16.0,4.0,56.0,0.0
Q80MfH7xPPE_seg010,2.0,0.01037,4e-05,0.02405,0.0,28.0,sad,"{'angry': 14.3, 'sad': 50.0, 'fear': 14.3, 'happy': 21.4}",14.3,0.0,14.3,21.4,0.0,50.0,0.0
Q80MfH7xPPE_seg011,2.0,0.0081,3e-05,0.02157,1e-05,26.0,sad,"{'sad': 53.8, 'happy': 23.1, 'angry': 7.7, 'fear': 7.7, 'surprise': 7.7}",7.7,0.0,7.7,23.1,0.0,53.8,7.7
Q80MfH7xPPE_seg012,3.0,0.00962,2e-05,0.0224,0.0,26.0,happy,"{'surprise': 15.4, 'happy': 46.2, 'angry': 11.5, 'fear': 7.7, 'neutral': 3.8, 'sad': 15.4}",11.5,0.0,7.7,46.2,3.8,15.4,15.4
Q80MfH7xPPE_seg013,3.0,0.00745,2e-05,0.02108,1e-05,27.0,sad,"{'sad': 59.3, 'happy': 14.8, 'neutral': 11.1, 'fear': 7.4, 'angry': 7.4}",7.4,0.0,7.4,14.8,11.1,59.3,0.0
Q80MfH7xPPE_seg014,2.0,0.00688,3e-05,0.01894,3e-05,25.0,sad,"{'sad': 52.0, 'happy': 24.0, 'fear': 8.0, 'neutral': 12.0, 'angry': 4.0}",4.0,0.0,8.0,24.0,12.0,52.0,0.0
Q80MfH7xPPE_seg015,3.0,0.00999,5e-05,0.02016,1e-05,27.0,surprise,"{'happy': 11.1, 'sad': 29.6, 'surprise': 33.3, 'fear': 18.5, 'neutral': 3.7, 'angry': 3.7}",3.7,0.0,18.5,11.1,3.7,29.6,33.3
Q80MfH7xPPE_seg016,2.0,0.00762,1e-05,0.01984,1e-05,26.0,sad,"{'fear': 15.4, 'neutral': 19.2, 'surprise': 3.8, 'happy': 15.4, 'sad': 42.3, 'angry': 3.8}",3.8,0.0,15.4,15.4,19.2,42.3,3.8
Q80MfH7xPPE_seg017,2.0,0.00891,2e-05,0.02202,1e-05,26.0,sad,"{'happy': 26.9, 'sad': 46.2, 'fear': 11.5, 'disgust': 3.8, 'neutral': 3.8, 'surprise': 7.7}",0.0,3.8,11.5,26.9,3.8,46.2,7.7
Q80MfH7xPPE_seg018,2.0,0.00908,3e-05,0.02154,1e-05,27.0,sad,"{'sad': 51.9, 'happy': 29.6, 'angry': 7.4, 'fear': 11.1}",7.4,0.0,11.1,29.6,0.0,51.9,0.0
Q80MfH7xPPE_seg019,3.0,0.00811,3e-05,0.02132,1e-05,27.0,sad,"{'happy': 29.6, 'sad': 51.9, 'angry': 3.7, 'disgust': 14.8}",3.7,14.8,0.0,29.6,0.0,51.9,0.0
Q80MfH7xPPE_seg020,2.0,0.00877,2e-05,0.0212,0.0,26.0,neutral,"{'fear': 11.5, 'sad': 26.9, 'neutral': 30.8, 'happy': 30.8}",0.0,0.0,11.5,30.8,30.8,26.9,0.0
rFpDK2KhAgw_seg000,2.0,0.0151,0.00014,0.02699,7e-05,27.0,sad,"{'neutral': 14.8, 'sad': 44.4, 'happy': 29.6, 'fear': 11.1}",0.0,0.0,11.1,29.6,14.8,44.4,0.0
rFpDK2KhAgw_seg001,3.0,0.00801,4e-05,0.02733,5e-05,25.0,sad,"{'happy': 24.0, 'sad': 44.0, 'neutral': 16.0, 'angry': 16.0}",16.0,0.0,0.0,24.0,16.0,44.0,0.0
rFpDK2KhAgw_seg002,2.0,0.01941,0.00013,0.04609,0.00016,26.0,sad,"{'sad': 50.0, 'fear': 3.8, 'happy': 15.4, 'angry': 7.7, 'neutral': 23.1}",7.7,0.0,3.8,15.4,23.1,50.0,0.0
rFpDK2KhAgw_seg003,3.0,0.01261,0.00013,0.02817,4e-05,26.0,sad,"{'sad': 46.2, 'happy': 11.5, 'neutral': 30.8, 'fear': 3.8, 'angry': 7.7}",7.7,0.0,3.8,11.5,30.8,46.2,0.0
rFpDK2KhAgw_seg004,2.0,0.0095,7e-05,0.02675,1e-05,25.0,sad,"{'sad': 44.0, 'angry': 8.0, 'fear': 32.0, 'happy': 4.0, 'neutral': 12.0}",8.0,0.0,32.0,4.0,12.0,44.0,0.0
rFpDK2KhAgw_seg005,2.0,0.01952,0.00028,0.03617,6e-05,25.0,sad,"{'neutral': 24.0, 'happy': 4.0, 'fear': 8.0, 'sad': 36.0, 'angry': 28.0}",28.0,0.0,8.0,4.0,24.0,36.0,0.0
rFpDK2KhAgw_seg006,3.0,0.0161,0.00011,0.03546,2e-05,28.0,neutral,"{'neutral': 39.3, 'angry': 3.6, 'fear': 10.7, 'sad': 35.7, 'happy': 10.7}",3.6,0.0,10.7,10.7,39.3,35.7,0.0
rFpDK2KhAgw_seg007,3.0,0.01185,6e-05,0.02718,2e-05,26.0,neutral,"{'sad': 23.1, 'neutral': 50.0, 'happy': 11.5, 'surprise': 3.8, 'fear': 7.7, 'angry': 3.8}",3.8,0.0,7.7,11.5,50.0,23.1,3.8
rFpDK2KhAgw_seg008,3.0,0.01264,0.00013,0.04017,7e-05,27.0,neutral,"{'sad': 22.2, 'fear': 18.5, 'angry': 7.4, 'neutral': 37.0, 'happy': 14.8}",7.4,0.0,18.5,14.8,37.0,22.2,0.0
rFpDK2KhAgw_seg009,2.0,0.00867,4e-05,0.02731,2e-05,25.0,sad,"{'fear': 16.0, 'sad': 28.0, 'neutral': 24.0, 'happy': 20.0, 'angry': 12.0}",12.0,0.0,16.0,20.0,24.0,28.0,0.0
rFpDK2KhAgw_seg010,3.0,0.00677,3e-05,0.02716,1e-05,26.0,neutral,"{'happy': 7.7, 'neutral': 57.7, 'angry': 23.1, 'sad': 7.7, 'fear': 3.8}",23.1,0.0,3.8,7.7,57.7,7.7,0.0
rFpDK2KhAgw_seg011,3.0,0.01168,9e-05,0.03334,6e-05,25.0,sad,"{'neutral': 32.0, 'sad': 48.0, 'angry': 4.0, 'happy': 12.0, 'fear': 4.0}",4.0,0.0,4.0,12.0,32.0,48.0,0.0
rFpDK2KhAgw_seg012,3.0,0.00745,0.00011,0.02726,8e-05,26.0,neutral,"{'neutral': 42.3, 'happy': 11.5, 'sad': 19.2, 'fear': 23.1, 'angry': 3.8}",3.8,0.0,23.1,11.5,42.3,19.2,0.0
rFpDK2KhAgw_seg013,3.0,0.0058,1e-05,0.02486,0.0,25.0,neutral,"{'fear': 4.0, 'neutral': 64.0, 'happy': 4.0, 'sad': 28.0}",0.0,0.0,4.0,4.0,64.0,28.0,0.0
rFpDK2KhAgw_seg014,2.0,0.00852,4e-05,0.03108,5e-05,26.0,neutral,"{'neutral': 50.0, 'sad': 38.5, 'angry': 3.8, 'happy': 3.8, 'fear': 3.8}",3.8,0.0,3.8,3.8,50.0,38.5,0.0
rFpDK2KhAgw_seg015,3.0,0.00493,2e-05,0.02225,1e-05,26.0,sad,"{'fear': 15.4, 'happy': 11.5, 'sad': 26.9, 'neutral': 26.9, 'angry': 15.4, 'surprise': 3.8}",15.4,0.0,15.4,11.5,26.9,26.9,3.8
rFpDK2KhAgw_seg016,3.0,0.01116,7e-05,0.03001,5e-05,26.0,sad,"{'sad': 61.5, 'fear': 11.5, 'neutral': 11.5, 'happy': 11.5, 'angry': 3.8}",3.8,0.0,11.5,11.5,11.5,61.5,0.0
rFpDK2KhAgw_seg017,3.0,0.00887,9e-05,0.03171,8e-05,25.0,sad,"{'neutral': 36.0, 'happy': 8.0, 'sad': 44.0, 'fear': 12.0}",0.0,0.0,12.0,8.0,36.0,44.0,0.0
rFpDK2KhAgw_seg018,4.0,0.00996,5e-05,0.0272,2e-05,26.0,sad,"{'sad': 42.3, 'neutral': 23.1, 'happy': 15.4, 'surprise': 3.8, 'fear': 3.8, 'angry': 11.5}",11.5,0.0,3.8,15.4,23.1,42.3,3.8
rFpDK2KhAgw_seg019,4.0,0.01657,0.00021,0.04287,8e-05,25.0,neutral,"{'angry': 12.0, 'neutral': 40.0, 'happy': 8.0, 'fear': 12.0, 'sad': 28.0}",12.0,0.0,12.0,8.0,40.0,28.0,0.0
TS6lFDVR-3g_seg000,4.0,0.00835,4e-05,0.01933,8e-05,33.0,sad,"{'sad': 33.3, 'neutral': 12.1, 'fear': 33.3, 'happy': 15.2, 'angry': 6.1}",6.1,0.0,33.3,15.2,12.1,33.3,0.0
TS6lFDVR-3g_seg001,4.0,0.01112,4e-05,0.02149,5e-05,31.0,happy,"{'happy': 32.3, 'fear': 32.3, 'sad': 16.1, 'neutral': 19.4}",0.0,0.0,32.3,32.3,19.4,16.1,0.0
TS6lFDVR-3g_seg002,4.0,0.00805,4e-05,0.01906,3e-05,31.0,sad,"{'sad': 32.3, 'fear': 12.9, 'neutral': 32.3, 'happy': 16.1, 'angry': 6.5}",6.5,0.0,12.9,16.1,32.3,32.3,0.0
TS6lFDVR-3g_seg003,4.0,0.00898,4e-05,0.01673,1e-05,31.0,neutral,"{'neutral': 38.7, 'sad': 32.3, 'happy': 9.7, 'fear': 16.1, 'angry': 3.2}",3.2,0.0,16.1,9.7,38.7,32.3,0.0
TS6lFDVR-3g_seg004,3.0,0.0108,5e-05,0.01789,1e-05,32.0,fear,"{'fear': 34.4, 'sad': 25.0, 'neutral': 18.8, 'happy': 18.8, 'surprise': 3.1}",0.0,0.0,34.4,18.8,18.8,25.0,3.1
TS6lFDVR-3g_seg005,4.0,0.01036,6e-05,0.01807,2e-05,33.0,neutral,"{'fear': 30.3, 'happy': 15.2, 'sad': 15.2, 'surprise': 6.1, 'neutral': 33.3}",0.0,0.0,30.3,15.2,33.3,15.2,6.1
TS6lFDVR-3g_seg006,4.0,0.00903,4e-05,0.01832,4e-05,31.0,neutral,"{'happy': 16.1, 'surprise': 9.7, 'fear': 29.0, 'neutral': 32.3, 'sad': 12.9}",0.0,0.0,29.0,16.1,32.3,12.9,9.7
TS6lFDVR-3g_seg007,3.0,0.01095,6e-05,0.01787,2e-05,31.0,fear,"{'fear': 48.4, 'sad': 16.1, 'neutral': 22.6, 'happy': 12.9}",0.0,0.0,48.4,12.9,22.6,16.1,0.0
TS6lFDVR-3g_seg008,3.0,0.01038,5e-05,0.01684,1e-05,31.0,neutral,"{'neutral': 45.2, 'fear': 22.6, 'sad': 16.1, 'happy': 16.1}",0.0,0.0,22.6,16.1,45.2,16.1,0.0
TS6lFDVR-3g_seg009,3.0,0.00678,3e-05,0.01912,3e-05,31.0,neutral,"{'sad': 12.9, 'neutral': 45.2, 'angry': 3.2, 'fear': 22.6, 'happy': 12.9, 'surprise': 3.2}",3.2,0.0,22.6,12.9,45.2,12.9,3.2
TS6lFDVR-3g_seg010,4.0,0.0116,4e-05,0.02264,8e-05,32.0,neutral,"{'neutral': 28.1, 'fear': 28.1, 'disgust': 3.1, 'happy': 6.2, 'sad': 25.0, 'angry': 6.2, 'surprise': 3.1}",6.2,3.1,28.1,6.2,28.1,25.0,3.1
TS6lFDVR-3g_seg011,3.0,0.00987,5e-05,0.01688,1e-05,34.0,sad,"{'sad': 35.3, 'fear': 17.6, 'neutral': 20.6, 'happy': 11.8, 'angry': 5.9, 'disgust': 2.9, 'surprise': 5.9}",5.9,2.9,17.6,11.8,20.6,35.3,5.9
TS6lFDVR-3g_seg012,3.0,0.01255,5e-05,0.02793,0.00041,31.0,happy,"{'happy': 25.8, 'fear': 19.4, 'neutral': 22.6, 'sad': 12.9, 'angry': 16.1, 'disgust': 3.2}",16.1,3.2,19.4,25.8,22.6,12.9,0.0
TS6lFDVR-3g_seg013,3.0,0.00938,4e-05,0.01704,1e-05,32.0,neutral,"{'neutral': 37.5, 'fear': 18.8, 'sad': 28.1, 'happy': 9.4, 'surprise': 3.1, 'angry': 3.1}",3.1,0.0,18.8,9.4,37.5,28.1,3.1
TS6lFDVR-3g_seg014,4.0,0.01135,5e-05,0.01587,1e-05,32.0,happy,"{'happy': 28.1, 'fear': 18.8, 'sad': 18.8, 'neutral': 28.1, 'angry': 6.2}",6.2,0.0,18.8,28.1,28.1,18.8,0.0
TS6lFDVR-3g_seg015,3.0,0.00886,3e-05,0.01926,4e-05,31.0,neutral,"{'fear': 22.6, 'neutral': 41.9, 'sad': 25.8, 'angry': 6.5, 'surprise': 3.2}",6.5,0.0,22.6,0.0,41.9,25.8,3.2
TS6lFDVR-3g_seg016,3.0,0.01026,5e-05,0.01756,1e-05,31.0,neutral,"{'neutral': 35.5, 'sad': 32.3, 'fear': 22.6, 'angry': 3.2, 'happy': 3.2, 'surprise': 3.2}",3.2,0.0,22.6,3.2,35.5,32.3,3.2
TS6lFDVR-3g_seg017,4.0,0.009,4e-05,0.01965,2e-05,32.0,neutral,"{'sad': 18.8, 'fear': 18.8, 'happy': 12.5, 'neutral': 37.5, 'angry': 12.5}",12.5,0.0,18.8,12.5,37.5,18.8,0.0
tt2xKhTHZQs_seg000,3.0,0.00698,7e-05,0.02047,4e-05,25.0,fear,"{'sad': 28.0, 'fear': 36.0, 'angry': 4.0, 'neutral': 24.0, 'happy': 8.0}",4.0,0.0,36.0,8.0,24.0,28.0,0.0
tt2xKhTHZQs_seg001,3.0,0.00665,4e-05,0.0259,0.0001,26.0,neutral,"{'fear': 19.2, 'neutral': 42.3, 'sad': 30.8, 'happy': 7.7}",0.0,0.0,19.2,7.7,42.3,30.8,0.0
tt2xKhTHZQs_seg002,3.0,0.0034,1e-05,0.02159,2e-05,25.0,neutral,"{'angry': 4.0, 'sad': 32.0, 'neutral': 44.0, 'fear': 20.0}",4.0,0.0,20.0,0.0,44.0,32.0,0.0
tt2xKhTHZQs_seg003,2.0,0.00661,9e-05,0.02455,8e-05,26.0,sad,"{'sad': 53.8, 'happy': 7.7, 'neutral': 34.6, 'fear': 3.8}",0.0,0.0,3.8,7.7,34.6,53.8,0.0
tt2xKhTHZQs_seg005,3.0,0.00494,4e-05,0.02655,6e-05,26.0,neutral,"{'fear': 23.1, 'neutral': 42.3, 'sad': 23.1, 'surprise': 3.8, 'happy': 3.8, 'angry': 3.8}",3.8,0.0,23.1,3.8,42.3,23.1,3.8
tt2xKhTHZQs_seg006,3.0,0.00812,6e-05,0.02814,5e-05,25.0,fear,"{'angry': 4.0, 'neutral': 24.0, 'fear': 40.0, 'sad': 28.0, 'happy': 4.0}",4.0,0.0,40.0,4.0,24.0,28.0,0.0
tt2xKhTHZQs_seg007,4.0,0.00881,7e-05,0.01984,2e-05,25.0,neutral,"{'sad': 28.0, 'neutral': 44.0, 'angry': 4.0, 'fear': 24.0}",4.0,0.0,24.0,0.0,44.0,28.0,0.0
UWKvpFZJwcE_seg000,3.0,0.00337,2e-05,0.01724,5e-05,28.0,angry,"{'angry': 57.1, 'disgust': 3.6, 'sad': 28.6, 'fear': 7.1, 'happy': 3.6}",57.1,3.6,7.1,3.6,0.0,28.6,0.0
UWKvpFZJwcE_seg001,3.0,0.00354,1e-05,0.01884,2e-05,26.0,angry,"{'happy': 11.5, 'angry': 38.5, 'sad': 30.8, 'neutral': 15.4, 'fear': 3.8}",38.5,0.0,3.8,11.5,15.4,30.8,0.0
UWKvpFZJwcE_seg002,2.0,0.00331,1e-05,0.0164,5e-05,27.0,angry,"{'sad': 14.8, 'neutral': 14.8, 'angry': 70.4}",70.4,0.0,0.0,0.0,14.8,14.8,0.0
UWKvpFZJwcE_seg003,3.0,0.00359,1e-05,0.02018,4e-05,27.0,angry,"{'angry': 59.3, 'sad': 18.5, 'neutral': 14.8, 'fear': 3.7, 'happy': 3.7}",59.3,0.0,3.7,3.7,14.8,18.5,0.0
UWKvpFZJwcE_seg004,3.0,0.00223,0.0,0.0136,3e-05,27.0,angry,"{'sad': 18.5, 'neutral': 3.7, 'happy': 3.7, 'angry': 70.4, 'disgust': 3.7}",70.4,3.7,0.0,3.7,3.7,18.5,0.0
UWKvpFZJwcE_seg005,3.0,0.00276,1e-05,0.01637,4e-05,27.0,angry,"{'angry': 55.6, 'sad': 29.6, 'neutral': 11.1, 'happy': 3.7}",55.6,0.0,0.0,3.7,11.1,29.6,0.0
UWKvpFZJwcE_seg006,3.0,0.00345,1e-05,0.01498,3e-05,27.0,angry,"{'angry': 63.0, 'sad': 33.3, 'fear': 3.7}",63.0,0.0,3.7,0.0,0.0,33.3,0.0
UWKvpFZJwcE_seg007,2.0,0.00435,2e-05,0.01832,5e-05,27.0,angry,"{'sad': 18.5, 'neutral': 7.4, 'disgust': 3.7, 'fear': 7.4, 'angry': 55.6, 'happy': 7.4}",55.6,3.7,7.4,7.4,7.4,18.5,0.0
UWKvpFZJwcE_seg008,3.0,0.00332,1e-05,0.01485,4e-05,26.0,angry,"{'sad': 30.8, 'angry': 53.8, 'neutral': 15.4}",53.8,0.0,0.0,0.0,15.4,30.8,0.0
UWKvpFZJwcE_seg009,2.0,0.00368,1e-05,0.01943,5e-05,26.0,angry,"{'neutral': 23.1, 'angry': 46.2, 'sad': 19.2, 'fear': 3.8, 'disgust': 3.8, 'happy': 3.8}",46.2,3.8,3.8,3.8,23.1,19.2,0.0
UWKvpFZJwcE_seg010,4.0,0.00476,2e-05,0.01934,4e-05,30.0,angry,"{'angry': 60.0, 'fear': 6.7, 'sad': 26.7, 'neutral': 6.7}",60.0,0.0,6.7,0.0,6.7,26.7,0.0
UWKvpFZJwcE_seg011,3.0,0.00354,1e-05,0.01652,6e-05,27.0,angry,"{'angry': 70.4, 'sad': 18.5, 'neutral': 7.4, 'disgust': 3.7}",70.4,3.7,0.0,0.0,7.4,18.5,0.0
UWKvpFZJwcE_seg012,2.0,0.00419,1e-05,0.01996,5e-05,26.0,angry,"{'angry': 84.6, 'sad': 15.4}",84.6,0.0,0.0,0.0,0.0,15.4,0.0
UWKvpFZJwcE_seg013,3.0,0.00417,2e-05,0.01673,4e-05,27.0,angry,"{'angry': 55.6, 'sad': 25.9, 'neutral': 7.4, 'fear': 7.4, 'happy': 3.7}",55.6,0.0,7.4,3.7,7.4,25.9,0.0
UWKvpFZJwcE_seg014,2.0,0.00373,1e-05,0.01746,3e-05,27.0,angry,"{'angry': 66.7, 'neutral': 11.1, 'sad': 18.5, 'fear': 3.7}",66.7,0.0,3.7,0.0,11.1,18.5,0.0
vNpmq6Ok-QQ_seg000,2.0,0.00963,0.00011,0.04167,0.00015,26.0,sad,"{'neutral': 26.9, 'sad': 46.2, 'angry': 7.7, 'fear': 15.4, 'surprise': 3.8}",7.7,0.0,15.4,0.0,26.9,46.2,3.8
vNpmq6Ok-QQ_seg001,3.0,0.01257,0.00013,0.04542,0.00042,30.0,sad,"{'sad': 60.0, 'neutral': 26.7, 'fear': 3.3, 'happy': 6.7, 'angry': 3.3}",3.3,0.0,3.3,6.7,26.7,60.0,0.0
vNpmq6Ok-QQ_seg002,3.0,0.0207,0.00038,0.06401,8e-05,30.0,sad,"{'sad': 43.3, 'fear': 10.0, 'neutral': 16.7, 'angry': 30.0}",30.0,0.0,10.0,0.0,16.7,43.3,0.0
vNpmq6Ok-QQ_seg003,2.0,0.02453,0.00021,0.06924,5e-05,26.0,sad,"{'sad': 57.7, 'neutral': 30.8, 'fear': 11.5}",0.0,0.0,11.5,0.0,30.8,57.7,0.0
vNpmq6Ok-QQ_seg004,3.0,0.02422,0.00021,0.06151,7e-05,27.0,sad,"{'sad': 74.1, 'neutral': 11.1, 'fear': 14.8}",0.0,0.0,14.8,0.0,11.1,74.1,0.0
vNpmq6Ok-QQ_seg005,4.0,0.00826,3e-05,0.01976,1e-05,25.0,angry,"{'happy': 24.0, 'fear': 4.0, 'angry': 40.0, 'sad': 16.0, 'surprise': 4.0, 'neutral': 12.0}",40.0,0.0,4.0,24.0,12.0,16.0,4.0
vNpmq6Ok-QQ_seg006,3.0,0.01692,0.00023,0.03969,0.00028,27.0,sad,"{'happy': 11.1, 'neutral': 14.8, 'sad': 44.4, 'fear': 25.9, 'angry': 3.7}",3.7,0.0,25.9,11.1,14.8,44.4,0.0
vNpmq6Ok-QQ_seg007,4.0,0.00844,4e-05,0.02266,7e-05,27.0,neutral,"{'neutral': 33.3, 'sad': 33.3, 'happy': 14.8, 'fear': 14.8, 'angry': 3.7}",3.7,0.0,14.8,14.8,33.3,33.3,0.0
vNpmq6Ok-QQ_seg008,3.0,0.01941,0.00037,0.04874,0.00058,27.0,sad,"{'sad': 55.6, 'happy': 7.4, 'neutral': 22.2, 'fear': 11.1, 'angry': 3.7}",3.7,0.0,11.1,7.4,22.2,55.6,0.0
vNpmq6Ok-QQ_seg009,3.0,0.01309,0.00012,0.038,0.00011,27.0,sad,"{'sad': 48.1, 'neutral': 25.9, 'angry': 7.4, 'happy': 11.1, 'fear': 7.4}",7.4,0.0,7.4,11.1,25.9,48.1,0.0
vNpmq6Ok-QQ_seg010,4.0,0.00847,7e-05,0.03431,0.00044,26.0,sad,"{'sad': 61.5, 'neutral': 19.2, 'fear': 15.4, 'happy': 3.8}",0.0,0.0,15.4,3.8,19.2,61.5,0.0
vNpmq6Ok-QQ_seg011,4.0,0.02368,0.0003,0.06499,0.00057,26.0,fear,"{'fear': 30.8, 'angry': 3.8, 'neutral': 30.8, 'sad': 30.8, 'happy': 3.8}",3.8,0.0,30.8,3.8,30.8,30.8,0.0
vNpmq6Ok-QQ_seg013,3.0,0.0283,0.00041,0.08659,0.00014,26.0,sad,"{'neutral': 30.8, 'sad': 61.5, 'fear': 7.7}",0.0,0.0,7.7,0.0,30.8,61.5,0.0
vNpmq6Ok-QQ_seg014,3.0,0.03502,0.00032,0.08415,0.00011,27.0,sad,"{'sad': 44.4, 'happy': 3.7, 'neutral': 18.5, 'fear': 7.4, 'angry': 25.9}",25.9,0.0,7.4,3.7,18.5,44.4,0.0
vNpmq6Ok-QQ_seg016,3.0,0.00743,1e-05,0.01794,1e-05,27.0,sad,"{'fear': 14.8, 'sad': 51.9, 'happy': 3.7, 'neutral': 14.8, 'angry': 14.8}",14.8,0.0,14.8,3.7,14.8,51.9,0.0
vNpmq6Ok-QQ_seg017,4.0,0.03106,0.00041,0.07648,0.00045,36.0,sad,"{'sad': 52.8, 'neutral': 25.0, 'angry': 5.6, 'fear': 11.1, 'happy': 5.6}",5.6,0.0,11.1,5.6,25.0,52.8,0.0
vNpmq6Ok-QQ_seg018,4.0,0.01377,0.00018,0.03911,0.00049,27.0,sad,"{'sad': 40.7, 'neutral': 37.0, 'happy': 3.7, 'fear': 18.5}",0.0,0.0,18.5,3.7,37.0,40.7,0.0
vNpmq6Ok-QQ_seg019,4.0,0.01888,0.00015,0.10153,0.00016,26.0,neutral,"{'neutral': 61.5, 'angry': 15.4, 'sad': 11.5, 'fear': 11.5}",15.4,0.0,11.5,0.0,61.5,11.5,0.0
vNpmq6Ok-QQ_seg020,3.0,0.00805,3e-05,0.02286,1e-05,26.0,sad,"{'fear': 15.4, 'neutral': 19.2, 'sad': 50.0, 'happy': 7.7, 'angry': 7.7}",7.7,0.0,15.4,7.7,19.2,50.0,0.0
vNpmq6Ok-QQ_seg021,3.0,0.0263,0.00055,0.0669,0.00089,27.0,neutral,"{'sad': 22.2, 'neutral': 44.4, 'angry': 3.7, 'fear': 11.1, 'happy': 14.8, 'surprise': 3.7}",3.7,0.0,11.1,14.8,44.4,22.2,3.7
vNpmq6Ok-QQ_seg022,3.0,0.01678,0.00023,0.05194,0.00065,27.0,sad,"{'neutral': 25.9, 'surprise': 3.7, 'angry': 3.7, 'fear': 18.5, 'sad': 33.3, 'happy': 14.8}",3.7,0.0,18.5,14.8,25.9,33.3,3.7
WyprXhvGVYk_seg001,3.0,0.01619,0.00014,0.02005,1e-05,25.0,neutral,"{'happy': 12.0, 'sad': 16.0, 'neutral': 32.0, 'angry': 12.0, 'fear': 28.0}",12.0,0.0,28.0,12.0,32.0,16.0,0.0
WyprXhvGVYk_seg002,2.0,0.01343,6e-05,0.01445,0.0,25.0,angry,"{'neutral': 20.0, 'angry': 36.0, 'fear': 16.0, 'happy': 4.0, 'sad': 24.0}",36.0,0.0,16.0,4.0,20.0,24.0,0.0
WyprXhvGVYk_seg003,3.0,0.01148,6e-05,0.03071,1e-05,27.0,neutral,"{'neutral': 33.3, 'fear': 14.8, 'angry': 25.9, 'sad': 25.9}",25.9,0.0,14.8,0.0,33.3,25.9,0.0
WyprXhvGVYk_seg004,3.0,0.01507,0.00012,0.02449,3e-05,26.0,neutral,"{'neutral': 34.6, 'angry': 15.4, 'sad': 23.1, 'fear': 19.2, 'disgust': 3.8, 'happy': 3.8}",15.4,3.8,19.2,3.8,34.6,23.1,0.0
WyprXhvGVYk_seg006,3.0,0.01024,4e-05,0.0168,1e-05,25.0,angry,"{'neutral': 24.0, 'angry': 36.0, 'fear': 20.0, 'happy': 8.0, 'sad': 8.0, 'surprise': 4.0}",36.0,0.0,20.0,8.0,24.0,8.0,4.0
WyprXhvGVYk_seg007,2.0,0.01301,0.0001,0.02155,1e-05,25.0,sad,"{'neutral': 40.0, 'sad': 56.0, 'fear': 4.0}",0.0,0.0,4.0,0.0,40.0,56.0,0.0
WyprXhvGVYk_seg008,1.0,0.01008,9e-05,0.02891,7e-05,26.0,sad,"{'sad': 26.9, 'fear': 11.5, 'neutral': 19.2, 'angry': 11.5, 'happy': 23.1, 'surprise': 7.7}",11.5,0.0,11.5,23.1,19.2,26.9,7.7
WyprXhvGVYk_seg010,2.0,0.01298,9e-05,0.02621,7e-05,27.0,angry,"{'angry': 44.4, 'sad': 18.5, 'neutral': 29.6, 'happy': 7.4}",44.4,0.0,0.0,7.4,29.6,18.5,0.0
WyprXhvGVYk_seg013,3.0,0.01486,0.00014,0.02487,2e-05,25.0,angry,"{'angry': 32.0, 'neutral': 32.0, 'fear': 12.0, 'sad': 20.0, 'happy': 4.0}",32.0,0.0,12.0,4.0,32.0,20.0,0.0
WyprXhvGVYk_seg014,1.0,0.01215,8e-05,0.02237,7e-05,25.0,neutral,"{'sad': 20.0, 'neutral': 40.0, 'fear': 16.0, 'angry': 20.0, 'surprise': 4.0}",20.0,0.0,16.0,0.0,40.0,20.0,4.0
WyprXhvGVYk_seg015,2.0,0.01264,6e-05,0.01832,2e-05,26.0,sad,"{'fear': 26.9, 'neutral': 30.8, 'angry': 7.7, 'sad': 34.6}",7.7,0.0,26.9,0.0,30.8,34.6,0.0
WyprXhvGVYk_seg016,2.0,0.01487,0.0001,0.03089,7e-05,25.0,sad,"{'sad': 52.0, 'angry': 16.0, 'fear': 24.0, 'neutral': 8.0}",16.0,0.0,24.0,0.0,8.0,52.0,0.0
WyprXhvGVYk_seg018,2.0,0.01423,0.00012,0.02704,4e-05,26.0,sad,"{'sad': 30.8, 'neutral': 30.8, 'angry': 23.1, 'fear': 15.4}",23.1,0.0,15.4,0.0,30.8,30.8,0.0
WyprXhvGVYk_seg019,3.0,0.01225,0.0001,0.02806,0.00021,26.0,neutral,"{'sad': 34.6, 'neutral': 50.0, 'angry': 3.8, 'happy': 3.8, 'fear': 7.7}",3.8,0.0,7.7,3.8,50.0,34.6,0.0
XZBZ5aBEUrs_seg000,4.0,0.01299,0.00011,0.02892,5e-05,26.0,angry,"{'angry': 53.8, 'fear': 7.7, 'surprise': 7.7, 'neutral': 11.5, 'happy': 15.4, 'disgust': 3.8}",53.8,3.8,7.7,15.4,11.5,0.0,7.7
XZBZ5aBEUrs_seg001,4.0,0.01107,8e-05,0.03034,3e-05,26.0,angry,"{'angry': 34.6, 'neutral': 15.4, 'sad': 19.2, 'happy': 11.5, 'surprise': 3.8, 'fear': 15.4}",34.6,0.0,15.4,11.5,15.4,19.2,3.8
XZBZ5aBEUrs_seg002,3.0,0.01286,8e-05,0.02794,5e-05,27.0,fear,"{'disgust': 11.1, 'angry': 33.3, 'neutral': 7.4, 'happy': 3.7, 'fear': 40.7, 'surprise': 3.7}",33.3,11.1,40.7,3.7,7.4,0.0,3.7
XZBZ5aBEUrs_seg003,4.0,0.00781,3e-05,0.02695,2e-05,26.0,fear,"{'disgust': 15.4, 'surprise': 19.2, 'angry': 19.2, 'neutral': 19.2, 'fear': 23.1, 'happy': 3.8}",19.2,15.4,23.1,3.8,19.2,0.0,19.2
XZBZ5aBEUrs_seg004,3.0,0.01252,9e-05,0.03397,2e-05,27.0,angry,"{'angry': 55.6, 'neutral': 11.1, 'fear': 11.1, 'sad': 14.8, 'happy': 7.4}",55.6,0.0,11.1,7.4,11.1,14.8,0.0
XZBZ5aBEUrs_seg005,4.0,0.01042,7e-05,0.02514,4e-05,33.0,angry,"{'angry': 27.3, 'disgust': 3.0, 'sad': 9.1, 'surprise': 9.1, 'fear': 21.2, 'neutral': 6.1, 'happy': 24.2}",27.3,3.0,21.2,24.2,6.1,9.1,9.1
XZBZ5aBEUrs_seg006,3.0,0.00888,5e-05,0.02596,2e-05,26.0,angry,"{'sad': 7.7, 'happy': 3.8, 'angry': 46.2, 'neutral': 11.5, 'fear': 19.2, 'disgust': 11.5}",46.2,11.5,19.2,3.8,11.5,7.7,0.0
XZBZ5aBEUrs_seg007,3.0,0.0083,4e-05,0.02849,3e-05,26.0,happy,"{'neutral': 15.4, 'happy': 38.5, 'sad': 7.7, 'surprise': 3.8, 'angry': 30.8, 'disgust': 3.8}",30.8,3.8,0.0,38.5,15.4,7.7,3.8
XZBZ5aBEUrs_seg008,4.0,0.00905,4e-05,0.02511,4e-05,25.0,angry,"{'disgust': 12.0, 'angry': 32.0, 'surprise': 4.0, 'sad': 12.0, 'fear': 28.0, 'neutral': 12.0}",32.0,12.0,28.0,0.0,12.0,12.0,4.0
XZBZ5aBEUrs_seg009,3.0,0.00951,5e-05,0.0233,4e-05,27.0,fear,"{'neutral': 7.4, 'fear': 33.3, 'angry': 25.9, 'disgust': 18.5, 'surprise': 11.1, 'sad': 3.7}",25.9,18.5,33.3,0.0,7.4,3.7,11.1
XZBZ5aBEUrs_seg010,4.0,0.01176,9e-05,0.02738,3e-05,31.0,happy,"{'happy': 29.0, 'fear': 16.1, 'sad': 22.6, 'angry': 19.4, 'neutral': 6.5, 'surprise': 3.2, 'disgust': 3.2}",19.4,3.2,16.1,29.0,6.5,22.6,3.2
XZBZ5aBEUrs_seg011,4.0,0.01207,0.00013,0.02806,7e-05,25.0,angry,"{'angry': 32.0, 'fear': 16.0, 'happy': 16.0, 'sad': 16.0, 'neutral': 20.0}",32.0,0.0,16.0,16.0,20.0,16.0,0.0
XZBZ5aBEUrs_seg012,4.0,0.01092,8e-05,0.02811,4e-05,26.0,angry,"{'fear': 19.2, 'surprise': 7.7, 'angry': 26.9, 'disgust': 11.5, 'sad': 19.2, 'happy': 11.5, 'neutral': 3.8}",26.9,11.5,19.2,11.5,3.8,19.2,7.7
XZBZ5aBEUrs_seg013,3.0,0.01037,6e-05,0.02329,2e-05,25.0,fear,"{'fear': 28.0, 'surprise': 28.0, 'sad': 12.0, 'angry': 20.0, 'disgust': 8.0, 'neutral': 4.0}",20.0,8.0,28.0,0.0,4.0,12.0,28.0
XZBZ5aBEUrs_seg014,4.0,0.01082,5e-05,0.02941,5e-05,26.0,angry,"{'sad': 19.2, 'angry': 65.4, 'fear': 3.8, 'disgust': 7.7, 'surprise': 3.8}",65.4,7.7,3.8,0.0,0.0,19.2,3.8
XZBZ5aBEUrs_seg015,3.0,0.00894,5e-05,0.02723,4e-05,27.0,neutral,"{'angry': 22.2, 'sad': 14.8, 'disgust': 11.1, 'happy': 7.4, 'neutral': 33.3, 'fear': 11.1}",22.2,11.1,11.1,7.4,33.3,14.8,0.0
XZBZ5aBEUrs_seg016,4.0,0.00771,2e-05,0.02722,4e-05,26.0,fear,"{'sad': 11.5, 'fear': 30.8, 'happy': 3.8, 'angry': 30.8, 'disgust': 11.5, 'surprise': 7.7, 'neutral': 3.8}",30.8,11.5,30.8,3.8,3.8,11.5,7.7
XZBZ5aBEUrs_seg017,3.0,0.01015,6e-05,0.03167,3e-05,26.0,angry,"{'angry': 61.5, 'neutral': 19.2, 'sad': 7.7, 'surprise': 3.8, 'fear': 7.7}",61.5,0.0,7.7,0.0,19.2,7.7,3.8
XZBZ5aBEUrs_seg018,4.0,0.01056,6e-05,0.02597,6e-05,26.0,angry,"{'angry': 61.5, 'sad': 7.7, 'neutral': 11.5, 'fear': 7.7, 'surprise': 7.7, 'disgust': 3.8}",61.5,3.8,7.7,0.0,11.5,7.7,7.7
XZBZ5aBEUrs_seg019,4.0,0.01423,0.00013,0.02716,5e-05,28.0,angry,"{'angry': 39.3, 'happy': 17.9, 'disgust': 7.1, 'fear': 10.7, 'surprise': 3.6, 'neutral': 3.6, 'sad': 17.9}",39.3,7.1,10.7,17.9,3.6,17.9,3.6
XZBZ5aBEUrs_seg020,3.0,0.01165,7e-05,0.02726,5e-05,26.0,angry,"{'neutral': 23.1, 'disgust': 19.2, 'fear': 15.4, 'angry': 34.6, 'happy': 3.8, 'sad': 3.8}",34.6,19.2,15.4,3.8,23.1,3.8,0.0
XZBZ5aBEUrs_seg021,3.0,0.00973,5e-05,0.0269,4e-05,26.0,angry,"{'angry': 38.5, 'neutral': 30.8, 'fear': 7.7, 'sad': 19.2, 'disgust': 3.8}",38.5,3.8,7.7,0.0,30.8,19.2,0.0
XZBZ5aBEUrs_seg022,3.0,0.01109,5e-05,0.02399,5e-05,27.0,angry,"{'fear': 22.2, 'sad': 14.8, 'disgust': 22.2, 'angry': 25.9, 'neutral': 7.4, 'happy': 7.4}",25.9,22.2,22.2,7.4,7.4,14.8,0.0
